facility_id,facility_name,mstate,year,tefca_status,score,denominator,hat_value
090003,HOWARD UNIVERSITY HOSPITAL CORP,DC,2023,Neither current nor planned,4.3,449,1
410008,SOUTH COUNTY HOSPITAL INC,RI,2023,Neither current nor planned,4.4,863,0.5076144639562497
410013,WESTERLY HOSPITAL,RI,2024,Planned TEFCA,4.4,528,0.5076144639562488
321307,MINERS' COLFAX MEDICAL CENTER,NM,2024,Neither current nor planned,4.3,47,0.5058859437355393
320065,COVENANT HEALTH HOBBS HOSPITAL,NM,2023,Planned TEFCA,4,119,0.5058859437355391
080001,CHRISTIANA HOSPITAL,DE,2023,Planned TEFCA,3,7869,0.3405482915131554
080003,ST FRANCIS HOSPITAL,DE,2024,Planned TEFCA,4.7,348,0.33621013917884546
080006,"TIDALHEALTH NANTICOKE, INC.",DE,2024,Planned TEFCA,4.1,817,0.3344694135214921
511317,"CAMC PLATEAU MEDICAL CENTER, INC",WV,2024,Planned TEFCA,4.4,91,0.26461773793139165
260141,UNIVERSITY OF MISSOURI HEALTH CARE,MO,2024,Current TEFCA,4.3,2066,0.2638879213875408
510024,MON HEALTH MEDICAL CENTER,WV,2024,Neither current nor planned,4.8,948,0.26375756105387627
300034,CATHOLIC MEDICAL CENTER,NH,2024,Current TEFCA,3.3,1790,0.2628840381995771
350019,ALTRU HOSPITAL,ND,2023,Planned TEFCA,3.9,1418,0.2626075187380726
021311,PEACEHEALTH KETCHIKAN MEDICAL CENTER,AK,2023,Current TEFCA,4.2,172,0.2623834900848019
020026,ALASKA NATIVE MEDICAL CENTER,AK,2024,Planned TEFCA,3.9,812,0.2623829069833086
260022,NORTHEAST REGIONAL MEDICAL CENTER,MO,2024,Neither current nor planned,4.5,344,0.26190498908548265
261322,EXCELSIOR SPRINGS HOSPITAL,MO,2023,Neither current nor planned,4.4,34,0.26164298803851727
300005,CONCORD HOSPITAL- LACONIA,NH,2023,Planned TEFCA,3.9,637,0.26055046299552514
440152,REGIONAL ONE HEALTH,TN,2023,Neither current nor planned,5.1,272,0.2600287912307485
301301,COTTAGE HOSPITAL,NH,2023,Neither current nor planned,4.9,113,0.2598318855740565
351319,PEMBINA COUNTY MEMORIAL HOSPITAL,ND,2023,Neither current nor planned,4,56,0.2597291028742293
261332,CARROLL COUNTY MEMORIAL HOSPITAL,MO,2024,Planned TEFCA,4.2,35,0.2594629354082674
440057,CLAIBORNE MEDICAL CENTER,TN,2024,Planned TEFCA,5,122,0.25924390547624043
351302,MCKENZIE COUNTY HEALTHCARE SYSTEMS INC,ND,2024,Neither current nor planned,4.4,100,0.25909707023590645
440102,LINCOLN MEDICAL CENTER,TN,2023,Neither current nor planned,4.4,137,0.2569919017357105
021304,PETERSBURG MEDICAL CENTER,AK,2023,Neither current nor planned,4.3,30,0.25658063607449644
440065,TRISTAR NORTHCREST MEDICAL CENTER,TN,2024,Neither current nor planned,4.2,349,0.25572900734542336
351323,CAVALIER COUNTY MEMORIAL HOSPITAL ASSOCIATION,ND,2023,Neither current nor planned,4.2,48,0.2556155445331547
511311,HAMPSHIRE MEMORIAL HOSPITAL,WV,2024,Planned TEFCA,3.8,81,0.2552515931717046
020012,FAIRBANKS MEMORIAL HOSPITAL,AK,2023,Neither current nor planned,4.8,624,0.2546014109249764
511309,VALLEY HEALTH WAR MEMORIAL HOSPITAL,WV,2024,Planned TEFCA,3.9,124,0.25445540021456226
300023,EXETER HOSPITAL INC,NH,2023,Neither current nor planned,4.4,1024,0.2544275420578002
291308,HUMBOLDT GENERAL HOSPITAL,NV,2023,Neither current nor planned,5.3,102,0.21427467074579915
291313,BANNER CHURCHILL COMMUNITY HOSPITAL,NV,2024,Planned TEFCA,4.2,177,0.21391139295041012
290001,RENOWN REGIONAL MEDICAL CENTER,NV,2023,Neither current nor planned,3.7,3622,0.21236919714424032
251337,TIPPAH COUNTY HOSPITAL,MS,2024,Planned TEFCA,5.8,112,0.21013394199580115
250050,BAPTIST MEMORIAL HOSPITAL-OKTIBBEHA COUNTY,MS,2024,Planned TEFCA,4.9,252,0.2089599323777739
290049,RENOWN SOUTH MEADOWS MEDICAL CENTER,NV,2023,Neither current nor planned,4.1,802,0.2075005985829301
291302,WILLIAM BEE RIRIE HOSPITAL,NV,2024,Neither current nor planned,4.5,101,0.2070154633544767
250099,GREENWOOD LEFLORE HOSPITAL,MS,2023,Neither current nor planned,4.7,136,0.2065965210053515
250042,NORTHWEST MISSISSISSIPPI REGIONAL MEDICAL CENTER,MS,2023,Neither current nor planned,4.7,53,0.20605065827027474
250172,HIGHLAND HILLS MEDICAL CENTER,MS,2023,Neither current nor planned,4.5,65,0.2059091474490599
310060,ST LUKE'S WARREN HOSPITAL,NJ,2023,Planned TEFCA,3.6,767,0.18491300931941973
310011,CAPE REGIONAL MEDICAL CENTER INC,NJ,2024,Neither current nor planned,4.4,1210,0.1788268445184335
310069,INSPIRA MEDICAL CENTER MULLICA HILL,NJ,2023,Current TEFCA,3.7,1990,0.17743061589182613
310045,ENGLEWOOD HOSPITAL AND MEDICAL CENTER,NJ,2024,Planned TEFCA,3.7,2359,0.17662454710925918
310086,JEFFERSON STRATFORD HOSPITAL,NJ,2023,Current TEFCA,4.1,3290,0.1749086694319096
310005,HUNTERDON MEDICAL CENTER,NJ,2024,Current TEFCA,3.7,1326,0.17423732745368115
240014,NORTHFIELD HOSPITAL,MN,2023,Planned TEFCA,4,105,0.16231434592069532
240001,NORTH MEMORIAL HEALTH HOSPITAL,MN,2023,Planned TEFCA,4,1312,0.16135971656981657
241337,NORTH VALLEY HEALTH CENTER,MN,2024,Neither current nor planned,4,27,0.15728525508731045
241334,RIVER'S EDGE HOSPITAL & CLINIC,MN,2023,Neither current nor planned,4.5,326,0.15535950488682523
241374,PIPESTONE COUNTY  MEDICAL CENTER,MN,2024,Neither current nor planned,4.2,44,0.15339775743548825
241335,ST ELIZABETH MEDICAL CENTER,MN,2023,Neither current nor planned,4.4,40,0.15321397831772518
241359,AVERA MARSHALL REGIONAL MEDICAL CTR,MN,2024,Neither current nor planned,4.2,167,0.1526979550635304
040069,GREAT RIVER MEDICAL CENTER,AR,2024,Current TEFCA,4.1,51,0.14587489454205435
180013,THE MEDICAL CENTER (BOWLING GREEN),KY,2024,Neither current nor planned,5.4,1537,0.14142927198453042
420027,ANMED HEALTH,SC,2024,Current TEFCA,4.5,2048,0.14125042380870798
271345,CENTRAL MONTANA MEDICAL CENTER,MT,2024,Neither current nor planned,4,110,0.14106290726790946
530015,ST JOHNS MEDICAL CENTER,WY,2024,Neither current nor planned,3.6,423,0.14083203056697213
420098,TIDELANDS WACCAMAW COMMUNITY HOSPITAL,SC,2023,Planned TEFCA,4.2,1383,0.14046085810999565
531304,HOT SPRINGS COUNTY MEMORIAL HOSPITAL,WY,2023,Neither current nor planned,4.1,73,0.13951427956863152
270057,BOZEMAN HEALTH DEACONESS HOSPITAL,MT,2023,Planned TEFCA,3.6,1056,0.13877531368481805
040019,FORREST CITY MEDICAL CENTER,AR,2024,Neither current nor planned,4.6,66,0.13798631364847205
210065,HOLY CROSS GERMANTOWN HOSPITAL,MD,2024,Planned TEFCA,3.7,860,0.13674152383288907
210004,HOLY CROSS HOSPITAL,MD,2024,Planned TEFCA,4.1,1543,0.13629174398432312
151332,DECATUR COUNTY MEMORIAL HOSPITAL,IN,2023,Current TEFCA,4.5,163,0.13599200541613127
271317,LIVINGSTON HEALTHCARE,MT,2023,Neither current nor planned,4.6,224,0.1348945699631988
210057,ADVENTIST HEALTHCARE SHADY GROVE MEDICAL CENTER,MD,2023,Neither current nor planned,4.4,2198,0.1344982756789717
210060,ADVENTIST HEALTHCARE FORT WASHINGTON MEDICAL CTR,MD,2023,Neither current nor planned,4.5,451,0.13433318111117531
040050,OUACHITA COUNTY MEDICAL CENTER,AR,2024,Neither current nor planned,4.8,140,0.1341662343017213
210016,ADVENTIST HEALTHCARE WHITE OAK MEDICAL CENTER,MD,2023,Neither current nor planned,3.6,1667,0.13406702351104569
531302,MEMORIAL HOSPITAL OF CONVERSE COUNTY,WY,2024,Neither current nor planned,4.7,172,0.13385610926778746
531309,NORTH BIG HORN HOSPITAL DISTRICT,WY,2023,Planned TEFCA,4.9,66,0.13317951815082538
420004,MUSC MEDICAL CENTER,SC,2023,Planned TEFCA,3.6,3565,0.1326922415951255
041330,PIGGOTT COMMUNITY HOSPITAL,AR,2023,Neither current nor planned,4.4,231,0.1324982841478499
530012,BANNER WYOMING MEDICAL CENTER,WY,2024,Planned TEFCA,4.6,1518,0.1317324659102305
040071,JEFFERSON REGIONAL MEDICAL CENTER,AR,2023,Neither current nor planned,4.8,691,0.13123241410340178
181301,MARCUM AND WALLACE MEMORIAL HOSPITAL,KY,2023,Current TEFCA,4.7,64,0.13115996018992238
041309,LAWRENCE MEMORIAL HOSPITAL,AR,2023,Neither current nor planned,4.3,29,0.13109520794377663
210027,WESTERN MARYLAND REGIONAL MEDICAL CENTER,MD,2024,Planned TEFCA,3.5,1816,0.13066150057874001
271343,PROVIDENCE ST JOSEPH MEDICAL CENTER,MT,2023,Planned TEFCA,4,69,0.1298945339299236
200039,MAINE GENERAL MEDICAL CENTER,ME,2023,Planned TEFCA,3.9,724,0.12972863713744337
040088,SOUTH ARKANSAS REGIONAL HOSPITAL LLC,AR,2024,Neither current nor planned,5.4,444,0.12911073993285535
040039,ARKANSAS METHODIST MEDICAL CENTER,AR,2023,Neither current nor planned,5.1,285,0.12894107623242865
420110,ROPER ST FRANCIS HOSPITAL-BERKELEY INC,SC,2024,Planned TEFCA,4.3,417,0.12887416461374568
270014,ST. PATRICK HOSPITAL,MT,2023,Planned TEFCA,3.6,1967,0.12869207689410958
210019,"TIDALHEALTH PENINSULA REGIONAL, INC",MD,2023,Planned TEFCA,3.6,2999,0.12837265385359903
210032,UNION HOSPITAL OF CECIL COUNTY,MD,2023,Planned TEFCA,4.4,962,0.12835151011080223
270049,INTERMOUNTAIN HEALTH ST VINCENT REGIONAL HOSPITAL,MT,2023,Planned TEFCA,3.3,1678,0.12818458852653247
531305,PLATTE COUNTY HOSPITAL,WY,2024,Planned TEFCA,4.2,86,0.1281417962388133
531306,WASHAKIE MEDICAL CENTER,WY,2024,Planned TEFCA,4.3,91,0.1280354317146286
181302,THE JAMES B. HAGGIN MEMORIAL HOSPITAL,KY,2024,Planned TEFCA,4.5,26,0.12798533309534388
420104,MOUNT PLEASANT HOSPITAL,SC,2024,Planned TEFCA,3.5,701,0.12770652617454842
271347,HOLY ROSARY HOSPITAL,MT,2023,Planned TEFCA,4,137,0.12761410888523836
420023,ST FRANCIS-DOWNTOWN,SC,2024,Planned TEFCA,3.1,2642,0.12745080556104837
531307,COMMUNITY HOSPITAL,WY,2024,Planned TEFCA,4.7,158,0.12737056759753182
420087,ROPER HOSPITAL,SC,2024,Planned TEFCA,3.5,2344,0.12731305332596207
420065,BON SECOURS-ST FRANCIS XAVIER HOSPITAL,SC,2024,Planned TEFCA,3.4,1049,0.12721435501029088
150076,SAINT JOSEPH REGIONAL MEDICAL CENTER - PLYMOUTH,IN,2024,Neither current nor planned,3.8,152,0.12720546489800402
270017,ST JAMES HOSPITAL,MT,2023,Planned TEFCA,4.2,423,0.12614140808647
150172,PHYSICIANS' MEDICAL CENTER LLC,IN,2024,Neither current nor planned,4.1,53,0.12515368206833433
070031,GRIFFIN HOSPITAL,CT,2023,Current TEFCA,4,656,0.12361458865496566
131317,BENEWAH COMMUNITY HOSPITAL,ID,2023,Neither current nor planned,5,42,0.12356465181444976
150012,SAINT JOSEPH REGIONAL MEDICAL CENTER,IN,2024,Current TEFCA,4.7,1210,0.12295071336398905
150097,MAJOR HOSPITAL,IN,2023,Planned TEFCA,3.4,290,0.12261160279291648
150005,HENDRICKS REGIONAL HEALTH,IN,2024,Planned TEFCA,4.2,851,0.12236957641142505
180048,EPHRAIM MCDOWELL REGIONAL MEDICAL CENTER,KY,2024,Planned TEFCA,4.5,716,0.121568335805665
150072,MEMORIAL HOSPITAL,IN,2023,Neither current nor planned,4.6,185,0.1213860393119867
520066,MERCY HEALTH SYSTEM CORP,WI,2024,Current TEFCA,3.9,693,0.12135910684688218
201309,NORTHERN LIGHT MAYO HOSPITAL,ME,2023,Planned TEFCA,4.4,125,0.12100660176733363
180102,MERCY HEALTH - LOURDES HOSPITAL,KY,2024,Planned TEFCA,3.7,1071,0.1199720632085351
180044,PIKEVILLE MEDICAL CENTER,KY,2023,Planned TEFCA,5,977,0.11931326470845238
181330,RUSSELL COUNTY HOSPITAL,KY,2023,Neither current nor planned,4.6,78,0.1191606415066999
521357,MERCY WALWORTH HOSPITAL & MEDICAL CENTER,WI,2024,Current TEFCA,5.1,210,0.1188921830235664
150002,METHODIST HOSPITALS INC,IN,2024,Planned TEFCA,4.1,834,0.11882371789439355
180027,MURRAY-CALLOWAY COUNTY HOSPITAL,KY,2023,Planned TEFCA,4.3,585,0.11848502683312884
180079,HARRISON MEMORIAL HOSPITAL,KY,2023,Neither current nor planned,5.2,176,0.11813421603271118
070005,WATERBURY HOSPITAL,CT,2023,Planned TEFCA,4,923,0.11807291870964134
150011,MARION GENERAL HOSPITAL,IN,2024,Neither current nor planned,4.7,511,0.11749398883196588
200033,NORTHERN LIGHT EASTERN MAINE MEDICAL CENTER,ME,2023,Current TEFCA,4.4,1555,0.11662354367231675
201301,NORTHERN LIGHT C A DEAN HOSPITAL,ME,2023,Current TEFCA,4.3,30,0.11605633562106744
131309,CARIBOU MEDICAL CENTER,ID,2023,Current TEFCA,4.5,48,0.11591852909452834
130007,SAINT ALPHONSUS REGIONAL MEDICAL CENTER,ID,2024,Current TEFCA,4.2,1746,0.11490261717338024
190090,WINN PARISH MEDICAL CENTER,LA,2023,Current TEFCA,6,86,0.11489541279452625
521358,DOOR COUNTY MEDICAL CENTER,WI,2024,Planned TEFCA,4.7,164,0.1145769444870465
521344,GUNDERSEN BOSCOBEL AREA HOSPITAL AND CLINICS,WI,2024,Neither current nor planned,4.5,32,0.11401635447080366
201300,NORTHERN LIGHT BLUE HILL MEMORIAL HOSPITAL,ME,2023,Current TEFCA,3.9,69,0.11328763632536624
190176,EAST JEFFERSON GENERAL HOSPITAL,LA,2023,Current TEFCA,4.9,1729,0.11290992911200619
521330,CROSSING RIVERS HEALTH MEDICAL CENTER,WI,2023,Neither current nor planned,4.7,83,0.11267198495860538
200008,NORTHERN LIGHT MERCY HOSPITAL,ME,2023,Current TEFCA,4,418,0.1125822006323391
201313,NORTHERN LIGHT SEBASTICOOK VALLEY HOSPITAL,ME,2023,Current TEFCA,4.3,118,0.11232201086435903
070008,JOHNSON MEMORIAL HOSPITAL,CT,2024,Current TEFCA,3.9,144,0.11222402694546423
200018,NORTHERN LIGHT  A R GOULD HOSPITAL,ME,2023,Current TEFCA,4.4,213,0.11200024773725148
200050,NORTHERN LIGHT MAINE COAST HOSPITAL,ME,2023,Current TEFCA,3.9,208,0.1119981994477627
521320,TOMAH MEMORIAL HOSPITAL,WI,2024,Neither current nor planned,4,141,0.11173594067744658
130013,SAINT ALPHONSUS MEDICAL CENTER - NAMPA,ID,2024,Current TEFCA,4.3,618,0.11144394124115224
521331,BURNETT MEDICAL CENTER,WI,2023,Neither current nor planned,4.1,36,0.11119684575168028
521359,TAMARACK HEALTH ASHLAND MEDICAL CENTER,WI,2023,Neither current nor planned,4.8,215,0.1111052799103188
131326,CASSIA REGIONAL HOSPITAL,ID,2023,Planned TEFCA,4.7,159,0.11066324382508615
131327,GRITMAN MEDICAL CENTER,ID,2024,Current TEFCA,4.3,190,0.1104284491466788
520071,FORT MEMORIAL HOSPITAL,WI,2023,Neither current nor planned,4.7,195,0.11011277694775153
521308,AMERY HOSPITAL & CLINIC,WI,2023,Planned TEFCA,4.1,97,0.1088036937861687
070002,ST FRANCIS HOSPITAL & MEDICAL CENTER,CT,2024,Current TEFCA,3.9,1608,0.10820222451747682
070016,SAINT MARY'S HOSPITAL,CT,2024,Current TEFCA,4.4,767,0.10805767079434546
131320,CLEARWATER VALLEY HOSPITAL & CLINICS,ID,2023,Neither current nor planned,4.2,144,0.10799601185432586
131322,FRANKLIN COUNTY MEDICAL CENTER,ID,2023,Neither current nor planned,4.8,112,0.10793240278150489
070022,YALE-NEW HAVEN HOSPITAL,CT,2024,Planned TEFCA,2.9,4285,0.10791506404918286
131328,BONNER GENERAL HOSPITAL,ID,2023,Neither current nor planned,5.6,200,0.10776534025126636
131305,STEELE MEMORIAL MEDICAL CENTER,ID,2023,Neither current nor planned,4,114,0.10764308220581341
190114,CLAIBORNE MEMORIAL MEDICAL CENTER,LA,2024,Neither current nor planned,5.1,169,0.10685560617387012
070010,BRIDGEPORT HOSPITAL,CT,2024,Planned TEFCA,3.6,2038,0.1064644469972459
070036,JOHN DEMPSEY HOSPITAL OF THE UNIVERSITY OF CONNECT,CT,2024,Planned TEFCA,3.8,992,0.10623175852509849
070018,GREENWICH HOSPITAL ASSOCIATION -,CT,2024,Planned TEFCA,3.1,1478,0.10621801280397665
070007,LAWRENCE & MEMORIAL HOSPITAL,CT,2024,Planned TEFCA,3.9,1291,0.10618300409585528
190313,NEW ORLEANS EAST HOSPITAL,LA,2023,Planned TEFCA,4.1,35,0.10579913612306334
190218,SABINE MEDICAL CENTER,LA,2023,Neither current nor planned,5.8,72,0.10374111846853347
010007,MIZELL MEMORIAL HOSPITAL,AL,2023,Current TEFCA,4.8,125,0.10177788785995463
010092,DCH REGIONAL MEDICAL CENTER,AL,2023,Planned TEFCA,5.3,1849,0.10170335127897347
010023,BAPTIST MEDICAL CENTER SOUTH,AL,2024,Current TEFCA,4.1,1003,0.10130298193856935
010062,WIREGRASS MEDICAL CENTER,AL,2023,Neither current nor planned,5.1,37,0.10048031707046029
010149,BAPTIST MEDICAL CENTER EAST,AL,2024,Current TEFCA,3.7,629,0.10046226893859195
190054,IBERIA MEDICAL CENTER,LA,2023,Neither current nor planned,5.3,473,0.10025616739913508
190267,AVALA,LA,2023,Planned TEFCA,4,120,0.0999133155115291
010045,FAYETTE MEDICAL CENTER,AL,2023,Planned TEFCA,4.3,89,0.09865563226714447
190164,BYRD REGIONAL HOSPITAL,LA,2023,Neither current nor planned,5.3,200,0.09776934986035213
190034,ABBEVILLE GENERAL HOSPITAL,LA,2023,Neither current nor planned,4.6,174,0.09761896090371663
010029,THE EAST ALABAMA HEALTHCARE AUTHORITY,AL,2024,Neither current nor planned,4.2,1247,0.09560056690478014
190151,RICHARDSON MEDICAL CENTER,LA,2023,Neither current nor planned,5.1,64,0.09522442814101612
010087,USA HEALTH UNIVERSITY HOSPITAL,AL,2023,Planned TEFCA,4.6,541,0.09468417095754007
190050,BEAUREGARD MEMORIAL HOSPITAL,LA,2023,Neither current nor planned,4.5,189,0.09466405590542805
281354,CRETE AREA MEDICAL CENTER,NE,2024,Neither current nor planned,4.3,43,0.09367066560602318
010034,COMMUNITY HOSPITAL INC,AL,2024,Neither current nor planned,4.2,37,0.09360000434272181
010148,EVERGREEN MEDICAL CENTER,AL,2024,Neither current nor planned,4.3,147,0.09110116667168697
281358,GORDON MEMORIAL HOSPITAL DISTRICT,NE,2024,Current TEFCA,4.4,53,0.0907223461005858
281304,THAYER COUNTY HEALTH SERVICES,NE,2024,Neither current nor planned,4.6,40,0.09072048184309578
110035,WELLSTAR KENNESTONE REGIONAL MEDICAL CENTER,GA,2023,Neither current nor planned,3,4045,0.08958542542338988
110146,SOUTHEAST GEORGIA HEALTH SYSTEM -- CAMDEN CAMPUS,GA,2023,Planned TEFCA,4.3,137,0.08924551659791254
280134,KEARNEY REGIONAL MEDICAL CENTER,NE,2023,Neither current nor planned,4.1,742,0.08908331704666364
010097,ELMORE COMMUNITY HOSPITAL,AL,2023,Neither current nor planned,4.5,75,0.08866772555895128
281343,WEST HOLT MEMORIAL HOSPITAL,NE,2024,Current TEFCA,4.5,32,0.08855855893937746
010126,TROY REGIONAL MEDICAL CENTER,AL,2023,Neither current nor planned,4.5,82,0.08852953806039192
281349,PENDER COMMUNITY HOSPITAL,NE,2024,Current TEFCA,4.5,34,0.0884308237023814
281350,JOHNSON COUNTY HOSPITAL,NE,2023,Planned TEFCA,4.3,47,0.08676599834402202
281355,OGALLALA COMMUNITY HOSPITAL,NE,2024,Planned TEFCA,4.7,61,0.08651407385553542
281329,AVERA ST ANTHONY'S HOSPITAL,NE,2024,Neither current nor planned,4,142,0.08632307390518609
031317,LA PAZ REGIONAL HOSPITAL,AZ,2023,Neither current nor planned,5,87,0.08456026169956536
281318,MORRILL COUNTY COMMUNITY HOSPITAL,NE,2023,Neither current nor planned,5.2,65,0.08406704407102565
281352,"COMMUNITY MEDICAL CENTER, INC",NE,2023,Neither current nor planned,4.6,176,0.08330457560478842
061310,SEDGWICK COUNTY MEMORIAL HOSPITAL,CO,2023,Neither current nor planned,4.6,48,0.08232521205111819
281338,HOWARD COUNTY MEDICAL CENTER,NE,2023,Neither current nor planned,4.1,42,0.08213054764644034
281344,CHERRY COUNTY HOSPITAL,NE,2023,Neither current nor planned,4,78,0.08207698842481727
110006,ST MARY'S HOSPITAL,GA,2024,Current TEFCA,4.4,1081,0.08194957652917154
061321,MT SAN RAFAEL HOSPITAL,CO,2023,Neither current nor planned,4.7,76,0.0816535224986558
110079,GRADY MEMORIAL HOSPITAL,GA,2023,Neither current nor planned,3.7,921,0.08092408036827833
110032,STEPHENS COUNTY HOSPITAL,GA,2023,Neither current nor planned,4.6,172,0.08048126860229068
431319,HANS P PETERSON MEMORIAL HOSPITAL - CAH,SD,2023,Planned TEFCA,4.4,62,0.08048044784730536
110128,MEMORIAL HEALTH MEADOWS HOSPITAL,GA,2024,Neither current nor planned,4.1,399,0.08029075736609363
110121,GRADY GENERAL HOSPITAL,GA,2024,Current TEFCA,4.8,44,0.08019790306251907
111335,LIBERTY REGIONAL MEDICAL CENTER,GA,2023,Neither current nor planned,4.8,29,0.07967509022152139
110101,"SOUTHWELL MEDICAL, A CAMPUS OF TRMC",GA,2023,Neither current nor planned,4.4,45,0.0778687666036378
111334,CANDLER COUNTY HOSPITAL,GA,2024,Neither current nor planned,4.8,47,0.07778366189936012
220090,MILFORD REGIONAL MEDICAL CENTER,MA,2024,Current TEFCA,3.7,1656,0.0772619383920432
220066,MERCY MEDICAL CTR,MA,2024,Current TEFCA,4.7,814,0.07726122568315147
220060,BETH ISRAEL DEACONESS HOSPITAL PLYMOUTH,MA,2023,Neither current nor planned,3.4,2887,0.0769899283556691
110038,ARCHBOLD MEMORIAL HOSPITAL,GA,2024,Current TEFCA,4.2,664,0.076827937989531
110095,TIFT REGIONAL MEDICAL CENTER,GA,2023,Neither current nor planned,4.5,774,0.0765740575102183
061317,GRAND RIVER HOSPITAL DISTRICT,CO,2024,Planned TEFCA,4.5,104,0.07654718112658208
110025,SOUTHEAST GEORGIA HEALTH SYSTEM- BRUNSWICK CAMPUS,GA,2024,Current TEFCA,4.6,1406,0.07653775444353482
060071,DELTA COUNTY MEMORIAL HOSPITAL,CO,2024,Planned TEFCA,4.4,248,0.07609872649074001
111329,ST MARYS GOOD SAMARITAN HOSPITAL,GA,2024,Current TEFCA,4.2,199,0.07520177502824645
220010,MERRIMACK HEALTH LAWRENCE HOSPITAL,MA,2023,Planned TEFCA,4.1,1339,0.07518355569534049
110027,"TY COBB REGIONAL MEDICAL CENTER, LLC",GA,2024,Current TEFCA,4.2,224,0.07504065106154373
060023,INTERMOUNTAIN HEALTH ST. MARY'S REGIONAL HOSPITAL,CO,2023,Planned TEFCA,4,1386,0.07450064917269453
030103,MAYO CLINIC HOSPITAL,AZ,2023,Planned TEFCA,2.6,4339,0.07436633994017651
060126,BANNER FORT COLLINS MEDICAL CENTER,CO,2024,Planned TEFCA,3.9,52,0.07363662546359112
100019,HOLMES REGIONAL MEDICAL CENTER,FL,2024,Neither current nor planned,4.5,3338,0.0735990200968224
060009,LUTHERAN MEDICAL CENTER,CO,2023,Planned TEFCA,3.8,795,0.07283478089603637
170016,UNIVERSITY OF KANSAS HEALTH SYSTEM - ST FRANCIS CAMPUS,KS,2024,Neither current nor planned,4.8,1187,0.07281967945737754
061303,EAST MORGAN COUNTY HOSPITAL,CO,2024,Planned TEFCA,4.2,69,0.07281227549815798
220019,UMASS MEMORIAL HEALTH - HARRINGTON HOSPITAL,MA,2024,Current TEFCA,4.2,569,0.07274330599218522
220049,UMASS MEMORIAL HEALTHCARE-MARLBOROUGH HOSPITAL,MA,2024,Current TEFCA,4,599,0.07262398293039556
060001,BANNER NORTH COLORADO MEDICAL CENTER,CO,2024,Planned TEFCA,4.5,625,0.07248989293522617
220163,UMASS MEMORIAL MEDICAL CENTER/UNIVERSITY CAMPUS,MA,2024,Current TEFCA,3.5,3915,0.072294953375993
141341,PANA COMMUNITY HOSPITAL,IL,2023,Current TEFCA,4.1,56,0.07211329902999464
060028,SAINT JOSEPH HOSPITAL,CO,2023,Planned TEFCA,3.5,505,0.0719847835357383
060116,GOOD SAMARITAN MEDICAL CENTER LLC,CO,2023,Planned TEFCA,3.9,497,0.07196322301709768
220001,UMASS MEMORIAL HEALTHALLIANCE HOSPITALS,MA,2024,Current TEFCA,3.6,1015,0.07173902287418643
060004,INTERMOUNTAIN HEALTH PLATTE VALLEY HOSPITAL,CO,2023,Planned TEFCA,4.3,207,0.07165019498082975
220077,BAYSTATE MEDICAL CENTER,MA,2024,Planned TEFCA,3.3,4619,0.07161606193361938
060011,DENVER HEALTH & HOSPITAL AUTHORITY,CO,2023,Planned TEFCA,4.1,303,0.07157647201557667
060076,STERLING REGIONAL MEDCENTER,CO,2024,Planned TEFCA,3.9,146,0.07148935558965552
100135,TALLAHASSEE MEMORIAL HEALTHCARE,FL,2024,Neither current nor planned,4.5,2060,0.07140744981542195
060030,BANNER NORTH CO MEDICAL CENTER - LOVELAND CAMPUS,CO,2024,Planned TEFCA,4.2,232,0.07129708590248067
031319,MT. GRAHAM REGIONAL MEDICAL CENTER,AZ,2023,Neither current nor planned,4.3,105,0.07125916410155975
101309,HENDRY REGIONAL MEDICAL CENTER,FL,2024,Neither current nor planned,4.3,30,0.07105097326538987
220065,BAYSTATE NOBLE HOSPITAL,MA,2024,Planned TEFCA,4.2,561,0.07097039237755189
220016,BAYSTATE FRANKLIN MEDICAL CENTER,MA,2024,Planned TEFCA,3.6,638,0.07072634745839225
490009,UNIVERSITY OF VIRGINIA MEDICAL CENTER,VA,2023,Current TEFCA,3.3,3275,0.0706945243347417
220071,MASSACHUSETTS GENERAL HOSPITAL,MA,2023,Planned TEFCA,2,5981,0.07059702665659133
220030,BAYSTATE WING HOSPITAL,MA,2024,Planned TEFCA,3.9,719,0.07053257478294069
430016,AVERA MCKENNAN HOSPITAL & UNIVERSITY HEALTH CENTER,SD,2024,Neither current nor planned,3.2,2254,0.07013355516445492
100107,HCA FLORIDA LEHIGH HOSPITAL,FL,2024,Current TEFCA,4.2,164,0.06933264336255464
220101,NEWTON-WELLESLEY HOSPITAL,MA,2023,Planned TEFCA,2.7,3229,0.0693160634411829
500036,YAKIMA VALLEY MEMORIAL,WA,2023,Neither current nor planned,3.9,1489,0.06930500116250618
220035,NORTH SHORE MEDICAL CENTER -,MA,2023,Planned TEFCA,3.1,2958,0.06920260629263593
220015,"COOLEY DICKINSON HOSPITAL INC,THE",MA,2023,Planned TEFCA,3.3,1027,0.06918242345340439
101312,FISHERMEN'S COMMUNITY HOSPITAL,FL,2023,Planned TEFCA,4.1,28,0.06884464662539394
490144,UVA HEALTH HAYMARKET MEDICAL CENTER,VA,2023,Current TEFCA,5,549,0.06836872255758968
490019,UVA HEALTH CULPEPER MEDICAL CENTER,VA,2023,Current TEFCA,4.7,591,0.06832420824174464
490045,NOVANT PRINCE WILLIAM MEDICAL CENTER,VA,2023,Current TEFCA,5.2,705,0.06826680737715687
100073,HOLY CROSS HOSPITAL,FL,2024,Current TEFCA,4.8,2051,0.06807629827412577
501312,PROSSER MEMORIAL HOSPITAL,WA,2023,Neither current nor planned,4,190,0.0678850619294146
100316,PALM BAY HOSPITAL,FL,2023,Neither current nor planned,4.4,964,0.06701289113708857
171385,COFFEY COUNTY HOSPITAL,KS,2024,Current TEFCA,4.6,78,0.06695153413849637
370008,NORMAN REGIONAL,OK,2024,Planned TEFCA,5.5,2302,0.06657796541424002
501323,JEFFERSON HEALTHCARE,WA,2023,Neither current nor planned,4.4,437,0.06651313456165218
140101,MORRIS HOSPITAL & HEALTHCARE CENTERS,IL,2024,Planned TEFCA,4.5,723,0.06630976563144358
370112,SEQUOYAH COUNTY-CITY OF SALLISAW HOSPITAL AUTHORIT,OK,2024,Current TEFCA,3.9,63,0.06609208343474884
371321,HOLDENVILLE GENERAL HOSPITAL,OK,2023,Planned TEFCA,4.2,43,0.06605154071153455
171362,CITIZENS MEDICAL CENTER,KS,2024,Current TEFCA,4.8,169,0.06601558136890273
370097,SOUTHWESTERN MEDICAL CENTER,OK,2024,Planned TEFCA,5.1,270,0.06576206046130981
370091,"SAINT FRANCIS HOSPITAL, INC",OK,2023,Neither current nor planned,3.2,4044,0.06569691479457904
331313,SCHUYLER HOSPITAL,NY,2023,Current TEFCA,4.7,52,0.06556074660013753
141335,MERCY HARVARD HOSPITAL,IL,2024,Current TEFCA,4.1,42,0.06555751298299806
100350,UCF LAKE NONA HOSPITAL,FL,2024,Neither current nor planned,4.1,157,0.06553456077876753
501329,PEACEHEALTH UNITED GENERAL MEDICAL CENTER,WA,2023,Current TEFCA,3.9,110,0.06543715659591105
330160,STATEN ISLAND UNIVERSITY HOSPITAL,NY,2024,Neither current nor planned,3.4,3399,0.06497093492360616
030006,TUCSON MEDICAL CENTER,AZ,2023,Planned TEFCA,4.7,3349,0.06495129761280091
171354,"COMMUNITY HOSPITAL, ONAGA AND ST MARYS CAMPUS",KS,2023,Current TEFCA,4.5,90,0.06484303015160825
381324,ST CHARLES MADRAS,OR,2024,Current TEFCA,4.2,53,0.06477154109846037
170013,HAYS MEDICAL CENTER,KS,2023,Planned TEFCA,4.9,1093,0.06476572442841882
490097,BON SECOURS SOUTHERN VIRGINIA MEDICAL CENTER,VA,2024,Planned TEFCA,4.6,60,0.06415627214468592
461310,BLUE MOUNTAIN HOSPITAL,UT,2024,Planned TEFCA,4.6,49,0.06389915599694189
171310,CHEYENNE COUNTY HOSPITAL,KS,2023,Neither current nor planned,4,55,0.06321681018143084
100168,BOCA RATON REGIONAL HOSPITAL,FL,2023,Planned TEFCA,3.7,3885,0.06317758245653239
140275,GENESIS HLTH SYSTEM DBA GENESIS MDL CTR-ILLINI,IL,2024,Current TEFCA,4.2,316,0.06294891762656472
171331,KIOWA DISTRICT HOSPITAL,KS,2024,Neither current nor planned,4.3,32,0.06294805419920045
501309,PROVIDENCE ST JOSEPH HOSPITAL,WA,2023,Planned TEFCA,4.5,59,0.06293703231542508
430014,AVERA ST LUKES,SD,2024,Neither current nor planned,4.4,630,0.06292851715323945
500072,OLYMPIC MEDICAL CENTER,WA,2023,Neither current nor planned,3.9,775,0.0627511516704601
500030,ST JOSEPH HOSPITAL,WA,2023,Current TEFCA,3.8,2271,0.06263690767102234
171347,SHERIDAN COUNTY HOSPITAL,KS,2024,Neither current nor planned,4.5,42,0.06261876611788836
380051,SALEM HOSPITAL,OR,2023,Neither current nor planned,3.5,1824,0.062428177434201614
140115,THOREK MEMORIAL HOSPITAL,IL,2023,Neither current nor planned,4.1,110,0.06242796410752229
100253,JUPITER MEDICAL CENTER,FL,2023,Planned TEFCA,4,3032,0.06219650485699898
500050,PEACEHEALTH SOUTHWEST MEDICAL CENTER,WA,2023,Current TEFCA,4,1786,0.06211369226935988
500016,CONFLUENCE HEALTH HOSPITAL,WA,2024,Planned TEFCA,3.6,1745,0.06191925055438682
430012,AVERA SACRED HEART HOSPITAL,SD,2024,Neither current nor planned,4.1,476,0.06182943688768638
500129,TACOMA GENERAL ALLENMORE HOSPITAL,WA,2023,Neither current nor planned,3.3,2186,0.061829269206909475
500051,OVERLAKE HOSPITAL MEDICAL CENTER,WA,2024,Planned TEFCA,3.7,1601,0.06179720106492823
100002,BETHESDA HOSPITAL EAST,FL,2023,Planned TEFCA,4.8,2588,0.06164148327915891
370001,HILLCREST MEDICAL CENTER,OK,2024,Neither current nor planned,3.9,1869,0.061611133516923926
140239,JAVON BEA HOSPITAL,IL,2024,Current TEFCA,3.9,838,0.06160839254548232
140082,LOUIS A WEISS MEMORIAL HOSPITAL,IL,2023,Neither current nor planned,4.3,368,0.06160527117430774
381315,ST. ALPHONSUS MEDICAL CENTER - BAKER CITY,OR,2024,Current TEFCA,4.3,121,0.061551887573448164
500041,PEACEHEALTH ST JOHN MEDICAL CENTER,WA,2023,Current TEFCA,4,644,0.061323254445056825
100330,HALIFAX HEALTH /UF HEALTH MEDICAL CENTER OF DELTON,FL,2024,Planned TEFCA,4.1,172,0.06124005552799792
380052,SAINT ALPHONSUS MEDICAL CENTER ONTARIO,OR,2024,Current TEFCA,4.2,146,0.06117064355902228
141326,HAMILTON MEMORIAL HOSPITAL,IL,2024,Neither current nor planned,4.2,71,0.06112152787212508
381304,SOUTHERN COOS HOSPITAL & HEALTH CENTER,OR,2024,Planned TEFCA,5.3,113,0.06092950293408513
141319,HAMMOND HENRY HOSPITAL,IL,2024,Planned TEFCA,4.8,131,0.06071976779430741
171357,HILLSBORO COMMUNITY HOSPITAL,KS,2024,Planned TEFCA,4.3,29,0.06070152647884818
330033,CHENANGO MEMORIAL HOSPITAL,NY,2023,Current TEFCA,4,145,0.06068189801484545
101313,MARINERS HOSPITAL,FL,2023,Planned TEFCA,3.9,118,0.06059126679848338
431340,AVERA QUEEN OF PEACE,SD,2024,Neither current nor planned,4.5,306,0.060452170158112224
431315,WAGNER COMMUNITY MEMORIAL HOSPITAL - CAH,SD,2024,Neither current nor planned,4.1,30,0.060359277398459546
100017,HALIFAX HEALTH MEDICAL CENTER,FL,2024,Planned TEFCA,4,1525,0.060358909640092544
500003,SKAGIT VALLEY HOSPITAL,WA,2023,Neither current nor planned,4.5,1014,0.06031584945515093
370158,PURCELL MUNICIPAL HOSPITAL,OK,2024,Neither current nor planned,4.5,62,0.06024151800267805
430015,AVERA ST MARY'S HOSPITAL,SD,2024,Neither current nor planned,4.1,262,0.06007144302570747
370227,ST JOHN OWASSO,OK,2023,Planned TEFCA,4.2,109,0.06003002598644245
140172,FRANCISCAN HEALTH OLYMPIA & CHICAGO HEIGHTS,IL,2024,Neither current nor planned,3.8,878,0.05999840937019101
431310,AVERA FLANDREAU HOSPITAL - CAH,SD,2024,Neither current nor planned,4.4,35,0.05999336794430283
431327,ST MICHAEL'S HOSPITAL - CAH,SD,2024,Neither current nor planned,4.5,35,0.05999336794430283
330096,JONES MEMORIAL HOSPITAL,NY,2024,Neither current nor planned,4.6,226,0.05997963120167699
431302,AVERA MISSOURI RIVER HEALTH CENTER,SD,2024,Neither current nor planned,4.9,36,0.05993221601364683
491307,"PAGE MEMORIAL HOSPITAL, INC",VA,2024,Planned TEFCA,3.8,178,0.05991449004228993
140135,DECATUR MEMORIAL HOSPITAL,IL,2023,Neither current nor planned,4.3,1316,0.059890002869834265
431312,MARSHALL COUNTY HEALTHCARE CENTER - CAH,SD,2024,Neither current nor planned,4.2,37,0.0598744346225164
330188,MOUNT ST. MARY'S HOSPITAL & HEALTH CENTER,NY,2024,Neither current nor planned,4.2,260,0.05985079988048988
371330,MANGUM REGIONAL MEDICAL CENTER,OK,2024,Neither current nor planned,3.7,46,0.05978238987739309
431331,AVERA DELLS AREA HOSPITAL  - CAH,SD,2024,Neither current nor planned,4.2,39,0.05976810564187845
171345,PAWNEE VALLEY COMMUNITY HOSPITAL,KS,2023,Planned TEFCA,4.5,43,0.05970619534462574
490021,CENTRA HEALTH -  LYNCHBURG GEN HOSPITAL,VA,2023,Planned TEFCA,3.7,3420,0.05965158386635002
330057,ST PETER'S HOSPITAL,NY,2024,Current TEFCA,3.9,2562,0.05960686422360982
490005,WINCHESTER MEDICAL CENTER,VA,2024,Planned TEFCA,3.7,3865,0.05956693621051401
371303,ROGER MILLS MEMORIAL HOSPITAL,OK,2024,Planned TEFCA,3.8,82,0.059498434519117405
431337,AVERA HAND COUNTY MEMORIAL HOSPITAL AND CLINIC,SD,2024,Neither current nor planned,4.8,52,0.0592960398554933
431326,MILBANK AREA HOSPITAL/AVERA HEALTH,SD,2024,Neither current nor planned,4.3,54,0.05924778265646316
501326,PROVIDENCE MOUNT CARMEL HOSPITAL,WA,2023,Planned TEFCA,4.5,123,0.059202031911222475
360107,BELLEVUE HOSPITAL,OH,2023,Current TEFCA,4,174,0.05916745542729917
431306,PLATTE HEALTH CENTER,SD,2024,Neither current nor planned,4,60,0.059129846082721337
461302,MOAB REGIONAL HOSPITAL,UT,2023,Neither current nor planned,4.2,75,0.05902253278461794
431330,AVERA ST BENEDICT HEALTH CENTER - CAH,SD,2024,Neither current nor planned,4.7,69,0.05901153921737963
431338,AVERA GREGORY HOSPITAL,SD,2024,Neither current nor planned,4,80,0.05893369821273323
490092,BON SECOURS SOUTHAMPTON MEMORIAL HOSPITAL,VA,2024,Planned TEFCA,4.5,197,0.058884309455360245
050180,JOHN MUIR MEDICAL CENTER - WALNUT CREEK CAMPUS,CA,2024,Planned TEFCA,3.5,3033,0.0588630000582046
380020,MCKENZIE-WILLAMETTE MEDICAL CENTER,OR,2023,Neither current nor planned,4.3,717,0.0588135503822558
491308,RAPPAHANNOCK GENERAL HOSPITAL,VA,2024,Planned TEFCA,3.8,202,0.05880703433635727
370026,ST MARY'S REGIONAL MEDICAL CENTER,OK,2023,Neither current nor planned,4.8,509,0.058790487897996145
171333,CLARA BARTON HOSPITAL,KS,2024,Planned TEFCA,5.7,152,0.058718823758492515
330162,NORTHERN WESTCHESTER HOSPITAL,NY,2024,Planned TEFCA,3.6,1294,0.05859806320784803
030134,BANNER GOLDFIELD MEDICAL CENTER,AZ,2024,Planned TEFCA,3.8,89,0.05858978469417134
490120,CHESAPEAKE GENERAL HOSPITAL,VA,2023,Planned TEFCA,3.6,2237,0.058507733052695646
331314,SOLDIERS AND SAILORS MEMORIAL HOSPITAL OF YATES,NY,2023,Neither current nor planned,4.5,44,0.05850156203367928
491305,SHENANDOAH MEMORIAL HOSPITAL,VA,2024,Planned TEFCA,3.8,298,0.05838625283881642
330261,PHELPS HOSPITAL,NY,2024,Planned TEFCA,4,1072,0.058316774110062926
490069,BON SECOURS MEMORIAL REGIONAL MEDICAL CENTER,VA,2024,Planned TEFCA,3.4,2578,0.05824575144042004
330141,LONG ISLAND COMMUNITY HOSPITAL,NY,2023,Current TEFCA,3.1,1432,0.058239229437237576
490059,BON SECOURS ST MARYS HOSPITAL,VA,2024,Planned TEFCA,3.2,2552,0.0582193649804468
100125,HOMESTEAD HOSPITAL,FL,2023,Planned TEFCA,4.3,245,0.05816360816017898
380021,HILLSBORO MEDICAL CENTER,OR,2023,Neither current nor planned,3.9,412,0.05803251333966817
501331,PULLMAN REGIONAL HOSPITAL,WA,2023,Planned TEFCA,4.6,172,0.057896674815122125
330180,"SAMARITAN HOSPITAL OF TROY, NEW YORK",NY,2024,Current TEFCA,4.1,887,0.057831655105104116
100008,BAPTIST HOSPITAL OF MIAMI,FL,2023,Planned TEFCA,3.1,1856,0.057646252720535966
330157,SAMARITAN MEDICAL CENTER,NY,2023,Neither current nor planned,4.5,600,0.057641430946940464
171359,GREELEY COUNTY HEALTH SERVICES,KS,2024,Neither current nor planned,4.6,59,0.05759248112217126
050496,JOHN MUIR MEDICAL CENTER - CONCORD CAMPUS,CA,2024,Planned TEFCA,4,2106,0.057533915757739355
050093,SAINT AGNES MEDICAL CENTER,CA,2024,Current TEFCA,4.1,2584,0.05746372166800406
490053,JOHNSTON MEMORIAL HOSPITAL,VA,2023,Planned TEFCA,4,734,0.0574140311105395
490136,BON SECOURS ST FRANCIS MEDICAL CENTER,VA,2024,Planned TEFCA,3.7,1743,0.05739300708310353
330229,"BROOKS-TLC HOSPITAL SYSTEM, INC",NY,2023,Planned TEFCA,4.9,123,0.05733665579514272
381309,LAKE DISTRICT HOSPITAL,OR,2023,Neither current nor planned,5.3,90,0.057255064847157006
370078,OKLAHOMA STATE UNIVERSITY MEDICAL CENTER,OK,2023,Neither current nor planned,4.7,476,0.05713337718320459
370006,INTEGRIS HEALTH PONCA CITY,OK,2023,Neither current nor planned,5.4,332,0.057126957760133025
370015,HILLCREST HOSPITAL PRYOR,OK,2024,Neither current nor planned,4.1,82,0.057126766792616183
490067,BON SECOURS SOUTHSIDE MEDICAL CENTER,VA,2024,Planned TEFCA,4.1,1279,0.05696016825854945
050352,BARTON MEMORIAL HOSPITAL,CA,2023,Neither current nor planned,4.2,267,0.056954029430828945
381306,WALLOWA MEMORIAL HOSPITAL,OR,2023,Neither current nor planned,4,96,0.05693134158266329
100314,WEST KENDALL BAPTIST HOSPITAL,FL,2023,Planned TEFCA,3.1,540,0.05687549698783841
100296,DOCTORS HOSPITAL,FL,2023,Planned TEFCA,3.6,563,0.056846146937793975
490041,MARY IMMACULATE HOSPITAL,VA,2024,Planned TEFCA,3.9,570,0.056835617856763956
100154,SOUTH MIAMI HOSPITAL,FL,2023,Planned TEFCA,3.6,998,0.05683473021013531
330184,MONTEFIORE NEW ROCHELLE HOSPITAL,NY,2023,Neither current nor planned,4.8,639,0.056789915484471425
050641,EAST LOS ANGELES DOCTORS HOSPITAL,CA,2023,Planned TEFCA,4.6,57,0.056778236342114485
370228,"BAILEY MEDICAL CENTER, LLC",OK,2024,Neither current nor planned,3.9,100,0.05676456582109716
500058,KADLEC REGIONAL MEDICAL CENTER,WA,2023,Planned TEFCA,3.7,2790,0.05673210656043267
490017,BON SECOURS MARYVIEW MEDICAL CENTER,VA,2024,Planned TEFCA,3.6,872,0.05671984805645518
230174,TRINITY HEALTH GRAND HAVEN HOSPITAL,MI,2023,Planned TEFCA,4.2,94,0.056694658251728654
141347,CARLINVILLE AREA HOSPITAL,IL,2023,Neither current nor planned,3.7,82,0.05653420233973678
500054,PROV SACRED HRT MED CTR & CHILDS HOSP.,WA,2023,Planned TEFCA,4,2498,0.0564490157504145
170194,ASCENTIST HOSPITAL LLC,KS,2023,Neither current nor planned,4.2,35,0.05643081745830243
140210,HARRISBURG MEDICAL CENTER,IL,2024,Neither current nor planned,5.3,105,0.05640218237511151
370039,HILLCREST HOSPITAL CLAREMORE,OK,2024,Neither current nor planned,4.3,283,0.05630042322208046
171383,WILLIAM NEWTON HOSPITAL,KS,2024,Neither current nor planned,4.6,226,0.05624131577221955
171346,HOSPITAL DISTRICT #6 PATTERSON HEALTH CENTER,KS,2023,Neither current nor planned,4.5,51,0.056133755739056275
171344,WILSON MEDICAL CENTER,KS,2024,Neither current nor planned,4.6,27,0.056130124128380754
171377,SMITH COUNTY MEMORIAL HOSPITAL,KS,2023,Neither current nor planned,5.2,115,0.056078233653376934
171369,HODGEMAN COUNTY HEALTH CENTER,KS,2023,Neither current nor planned,4.2,47,0.05605318619933872
171338,GREAT PLAINS OF SABETHA,KS,2023,Neither current nor planned,4.3,72,0.05593045015003032
171376,GIRARD MEDICAL CENTER,KS,2023,Neither current nor planned,5.6,79,0.055858599626779006
330140,ST JOSEPH'S HOSPITAL HEALTH CENTER,NY,2024,Planned TEFCA,4.1,2085,0.055773432159160204
390237,REGIONAL HOSPITAL OF SCRANTON,PA,2024,Neither current nor planned,4.8,1372,0.055770289888178594
370034,MCALESTER REGIONAL HEALTH CENTER,OK,2023,Neither current nor planned,4.3,497,0.055745500154660774
140089,MC DONOUGH DISTRICT HOSPITAL,IL,2023,Neither current nor planned,4.5,163,0.055698730776810354
140133,HOLY CROSS HOSPITAL,IL,2024,Neither current nor planned,4.5,187,0.05565097949447585
140018,MT SINAI HOSPITAL MEDICAL CENTER,IL,2024,Neither current nor planned,4.4,216,0.05557909706621835
141320,PARIS COMMUNITY HOSPITAL,IL,2023,Neither current nor planned,4.9,193,0.05552732603167942
330185,JOHN T MATHER MEMORIAL HOSPITAL  OF PORT JEFFERSON,NY,2023,Neither current nor planned,2.8,1964,0.05552002614602235
380102,SACRED HEART MEDICAL CENTER - RIVERBEND,OR,2023,Current TEFCA,3.7,2155,0.0552854771888402
030061,BANNER BOSWELL MEDICAL CENTER,AZ,2024,Planned TEFCA,4.5,2487,0.05518574362017426
031318,BANNER PAYSON MEDICAL CENTER,AZ,2024,Planned TEFCA,4.1,223,0.05518489461305562
381312,COQUILLE VALLEY HOSPITAL,OR,2023,Neither current nor planned,4.5,74,0.05516472273364343
030093,BANNER DEL E. WEBB MEDICAL CENTER,AZ,2024,Planned TEFCA,4.2,2434,0.05512842113605309
370016,INTEGRIS HEALTH ENID HOSPITAL,OK,2023,Planned TEFCA,5,448,0.05512763801998661
500002,PROVIDENCE ST MARY MEDICAL CENTER,WA,2023,Planned TEFCA,4.1,876,0.055117013710678474
500077,PROVIDENCE HOLY FAMILY HOSPITAL,WA,2023,Planned TEFCA,3.8,845,0.05511468917360542
140276,LOYOLA UNIVERSITY MEDICAL CENTER,IL,2024,Planned TEFCA,4.7,1675,0.05476931684335928
030065,BANNER DESERT MEDICAL CENTER,AZ,2024,Planned TEFCA,3.7,2049,0.05470736058001288
371307,CIMARRON MEMORIAL HOSPITAL,OK,2023,Neither current nor planned,3.9,28,0.05458500017835427
140029,COPLEY MEMORIAL HOSPITAL,IL,2024,Planned TEFCA,3.5,1514,0.05448619521158013
030111,BANNER-UNIVERSITY MEDICAL CENTER SOUTH CAMPUS,AZ,2024,Planned TEFCA,4,311,0.05441518809099791
030088,BANNER BAYWOOD MEDICAL CENTER,AZ,2024,Planned TEFCA,4.9,1779,0.054411133592296546
451333,MARTIN COUNTY HOSPITAL DISTRICT,TX,2024,Current TEFCA,3.9,28,0.05439162641351639
030147,BANNER OCOTILLO MEDICAL CENTER,AZ,2024,Planned TEFCA,3.9,346,0.05422055239610652
381313,ST CHARLES MEDICAL CENTER PRINEVILLE,OR,2023,Neither current nor planned,4,82,0.05418437125879049
030064,BANNER - UNIVERSITY MEDICAL CENTER TUCSON CAMPUS,AZ,2024,Planned TEFCA,3.6,1506,0.05411898044298954
030089,BANNER THUNDERBIRD MEDICAL CENTER,AZ,2024,Planned TEFCA,4.2,1491,0.054103393905312026
030130,BANNER IRONWOOD MEDICAL CENTER,AZ,2024,Planned TEFCA,3.8,385,0.054051005540523674
030002,BANNER - UNIVERSITY MEDICAL CENTER PHOENIX,AZ,2024,Planned TEFCA,3.3,1426,0.05403669742576025
050063,HOLLYWOOD PRESBYTERIAN MEDICAL CENTER,CA,2024,Current TEFCA,4.1,816,0.05400417547535081
371319,"COAL COUNTY GENERAL HOSPITAL, INC.",OK,2023,Neither current nor planned,4.6,36,0.05382566333229942
330103,OLEAN GENERAL HOSPITAL,NY,2023,Planned TEFCA,5.5,637,0.05376980659203299
030016,BANNER CASA GRANDE MEDICAL CENTER,AZ,2024,Planned TEFCA,4.3,521,0.05370862887262788
370166,WAGONER COMMUNITY HOSPITAL,OK,2024,Neither current nor planned,4.7,54,0.0536492119297313
330235,AUBURN  COMMUNITY  HOSPITAL,NY,2024,Neither current nor planned,4.6,517,0.05361413838687809
030115,BANNER ESTRELLA MEDICAL CENTER,AZ,2024,Planned TEFCA,3.9,882,0.05359860179250936
050122,DAMERON HOSPITAL,CA,2024,Current TEFCA,4.8,236,0.053585980954278356
030122,BANNER GATEWAY MEDICAL CENTER,AZ,2024,Planned TEFCA,4,756,0.053566933296549046
380005,ASANTE ASHLAND COMMUNITY HOSPITAL,OR,2023,Neither current nor planned,4.3,202,0.05355599741721609
050231,POMONA VALLEY HOSPITAL MEDICAL CENTER,CA,2023,Current TEFCA,3.7,1014,0.05345870345720773
371336,NEWMAN MEMORIAL HOSPITAL,OK,2023,Neither current nor planned,4.1,48,0.053129057594807585
140054,MACNEAL  HOSPITAL,IL,2024,Planned TEFCA,4.1,730,0.05311696979481507
140008,LOYOLA GOTTLIEB MEMORIAL HOSPITAL,IL,2024,Planned TEFCA,3.9,708,0.053085423552121924
140063,RUSH OAK PARK HOSPITAL,IL,2024,Planned TEFCA,3.5,667,0.05302991930412355
330055,NEW YORK-PRESBYTERIAN/QUEENS,NY,2023,Planned TEFCA,2.8,2225,0.05284455481081445
050076,KAISER FOUNDATION HOSPITAL - SAN FRANCISCO,CA,2023,Neither current nor planned,4.2,143,0.05252576919572149
381316,PEACE HARBOR MEDICAL CENTER,OR,2023,Current TEFCA,4.1,134,0.05249691102528286
460019,UINTAH BASIN MEDICAL CENTER,UT,2023,Neither current nor planned,5,156,0.052429982585721194
330175,GUTHRIE CORTLAND REGIONAL MEDICAL CENTER,NY,2023,Planned TEFCA,3.8,410,0.052233493580916356
380050,SKY LAKES MEDICAL CENTER,OR,2023,Current TEFCA,4.5,707,0.052103093505198254
330277,CORNING HOSPITAL,NY,2023,Planned TEFCA,4.8,509,0.05195647322868863
330267,HUDSON VALLEY HOSPITAL CENTER,NY,2023,Planned TEFCA,3.7,1236,0.05191001177633656
050394,COMMUNITY MEMORIAL HOSPITAL - VENTURA,CA,2023,Neither current nor planned,4,1544,0.0517697091894176
050782,CASA COLINA HOSPITAL,CA,2024,Neither current nor planned,4.1,112,0.051754009623210175
361314,MAGRUDER HOSPITAL,OH,2024,Neither current nor planned,4.8,122,0.051684400706369184
360095,BLANCHARD VALLEY HOSPITAL,OH,2024,Neither current nor planned,4.3,957,0.05153639027668682
450229,HENDRICK MEDICAL CENTER,TX,2024,Neither current nor planned,4.2,3324,0.051437479660811934
390258,ST MARY MEDICAL CENTER,PA,2024,Planned TEFCA,4.5,2499,0.05139373622650583
390125,WAYNE MEMORIAL HOSPITAL,PA,2024,Neither current nor planned,4.7,549,0.05128414501300027
461304,CENTRAL VALLEY MEDICAL CENTER - CAH,UT,2023,Neither current nor planned,4.2,87,0.051205037288443445
450241,FAITH COMMUNITY HOSPITAL,TX,2024,Planned TEFCA,4.5,63,0.05091597534434872
460014,MOUNTAIN WEST MEDICAL CENTER,UT,2023,Neither current nor planned,3.9,160,0.05083804206635666
051304,JOHN C FREMONT HEALTHCARE DISTRICT,CA,2023,Neither current nor planned,4.5,61,0.05063782883851125
380004,PROVIDENCE ST VINCENT MEDICAL CENTER,OR,2023,Planned TEFCA,3.5,2206,0.05052764742197951
050780,FOOTHILL REGIONAL MEDICAL CENTER,CA,2023,Planned TEFCA,3.5,341,0.05049901186297572
230105,MCLAREN NORTHERN MICHIGAN,MI,2024,Planned TEFCA,4.2,1138,0.04991299067743914
390203,DOYLESTOWN HOSPITAL,PA,2023,Neither current nor planned,4,2757,0.0497741245613601
450755,COVENANT HOSPITAL LEVELLAND,TX,2023,Planned TEFCA,4.4,28,0.04961322685551184
451310,BALLINGER MEMORIAL HOSPITAL,TX,2024,Planned TEFCA,4.2,31,0.04942911515994327
230099,PROMEDICA MONROE REGIONAL HOSPITAL,MI,2023,Planned TEFCA,4.3,488,0.04920462276463768
230005,PROMEDICA CHARLES AND VIRGINIA HICKMAN HOSPITAL,MI,2023,Planned TEFCA,4.7,440,0.049137248515557494
230022,INSIGHT HOSPITAL AND MEDICAL CENTER COLDWATER,MI,2023,Planned TEFCA,4.9,273,0.049135291584686464
050090,SONOMA VALLEY HOSPITAL,CA,2024,Current TEFCA,4.8,225,0.04903400248264183
231319,ASPIRUS KEWEENAW HOSPITAL AND CLINICS,MI,2024,Neither current nor planned,4.4,100,0.049000790085490166
450235,MEMORIAL HOSPITAL,TX,2024,Current TEFCA,4.4,79,0.04898581963152926
380061,PROVIDENCE PORTLAND MEDICAL CENTER,OR,2023,Planned TEFCA,3.7,1366,0.04890051930379521
390231,JEFFERSON ABINGTON HOSPITAL,PA,2023,Current TEFCA,3.8,4093,0.04868701280548632
450040,COVENANT MEDICAL CENTER,TX,2023,Planned TEFCA,4,2176,0.04868413405662747
360068,PROMEDICA TOLEDO HOSPITAL,OH,2023,Planned TEFCA,4.3,3307,0.048635807154108805
050468,MEMORIAL HOSPITAL OF GARDENA,CA,2024,Planned TEFCA,3.9,299,0.04855268985560416
390057,ST LUKE'S HOSPITAL - GRAND VIEW CAMPUS,PA,2023,Neither current nor planned,4.1,1309,0.04822361700451811
390183,ST LUKE'S MINERS MEMORIAL HOSPITAL,PA,2023,Planned TEFCA,4,363,0.04812891281192736
390174,THOMAS JEFFERSON UNIVERSITY HOSPITAL,PA,2023,Current TEFCA,3,3106,0.04807283878478212
341314,WASHINGTON COUNTY HOSP INC,NC,2023,Neither current nor planned,5.4,43,0.04785938865541399
161364,JEFFERSON COUNTY HEALTH CENTER,IA,2024,Neither current nor planned,4.5,107,0.04780219050326244
460021,ST. GEORGE REGIONAL HOSPITAL,UT,2023,Planned TEFCA,3.9,2797,0.047746266405115256
380075,PROVIDENCE MEDFORD MEDICAL CENTER,OR,2023,Planned TEFCA,4,812,0.04771342256234075
390115,JEFFERSON HEALTH- NORTHEAST,PA,2023,Current TEFCA,3.9,2310,0.04760237252254297
050690,KAISER FOUNDATION HOSPITAL-SANTA ROSA,CA,2024,Planned TEFCA,4.1,86,0.04758835868252395
231304,HELEN NEWBERRY JOY HOSPITAL,MI,2024,Neither current nor planned,4.7,49,0.04755092469742651
390049,ST LUKES HOSPITAL,PA,2023,Planned TEFCA,3.1,3088,0.047537167903411025
450883,BAYLOR MEDICAL CENTER AT TROPHY CLUB,TX,2023,Neither current nor planned,4.1,66,0.04738930267279451
360035,MOUNT CARMEL EAST & WEST,OH,2024,Current TEFCA,3.9,1921,0.04733339116994783
390012,JEFFERSON LANSDALE HOSPITAL,PA,2023,Current TEFCA,4.1,1008,0.04732359804599549
381303,PROVIDENCE SEASIDE HOSPITAL,OR,2023,Planned TEFCA,3.8,262,0.04721117919110223
381318,PROVIDENCE HOOD RIVER MEMORIAL HOSPITAL,OR,2023,Planned TEFCA,4,264,0.04720504422694753
380082,PROVIDENCE MILWAUKIE HOSPITAL,OR,2023,Planned TEFCA,4.1,275,0.04717431201135033
390173,INDIANA REGIONAL MEDICAL CENTER,PA,2023,Neither current nor planned,4.9,438,0.047167081728587634
390086,PENN HIGHLANDS DUBOIS,PA,2023,Neither current nor planned,4,1144,0.047100378828148125
380037,PROVIDENCE NEWBERG MEDICAL CENTER,OR,2023,Planned TEFCA,4.1,321,0.047091531020992984
380038,PROVIDENCE WILLAMETTE FALLS MEDICAL CENTER,OR,2023,Planned TEFCA,3.8,400,0.047065547062793346
231316,HILLS & DALES GENERAL HOSPITAL,MI,2023,Current TEFCA,4.3,85,0.046957004191467325
390332,GEISINGER ST. LUKE'S  HOSPITAL,PA,2023,Planned TEFCA,3.4,659,0.04693876180615695
450518,THE MEDICAL CENTER OF SOUTHEAST TEXAS,TX,2023,Planned TEFCA,4.3,292,0.04691369234603318
340024,SAMPSON REGIONAL MEDICAL CENTER,NC,2024,Planned TEFCA,4,243,0.04685488700583876
361318,FOSTORIA COMMUNITY HOSPITAL,OH,2023,Planned TEFCA,4,117,0.04685118744452409
390035,ST LUKE'S HOSPITAL - UPPER BUCKS CAMPUS,PA,2023,Planned TEFCA,3.7,751,0.04678370563629958
460010,INTERMOUNTAIN MEDICAL CENTER,UT,2023,Planned TEFCA,4,2333,0.04673783941109041
050091,COMMUNITY HOSPITAL OF HUNTINGTON PARK,CA,2023,Neither current nor planned,4.4,134,0.04660569975560289
390330,ST LUKE'S HOSPITAL - MONROE CAMPUS,PA,2023,Planned TEFCA,3.5,1076,0.0465533008417435
050110,LOMPOC VALLEY MEDICAL CENTER,CA,2023,Neither current nor planned,5.5,423,0.04630461557013158
361328,PROMEDICA DEFIANCE REGIONAL HOSPITAL,OH,2023,Planned TEFCA,4.4,144,0.046237667892746595
450346,BAPTIST BEAUMONT HOSPITAL,TX,2024,Neither current nor planned,5.2,1201,0.04623188671451515
051324,NORTHERN INYO HOSPITAL,CA,2024,Neither current nor planned,4.6,180,0.046187590492617954
050159,VENTURA COUNTY MEDICAL CENTER,CA,2024,Neither current nor planned,4.6,612,0.04616033412098478
051316,FAIRCHILD MEDICAL CENTER,CA,2023,Neither current nor planned,5.3,293,0.04614400369139893
360072,FAIRFIELD MEDICAL CENTER,OH,2023,Planned TEFCA,4.2,1060,0.04610140928077147
050204,PALMDALE REGIONAL MEDICAL CENTER,CA,2024,Neither current nor planned,4.6,584,0.046100019235492055
360012,MOUNT CARMEL ST ANN'S,OH,2024,Current TEFCA,3.9,1041,0.04608639332146261
390156,MERCY CATHOLIC MEDICAL CENTER- MERCY FITZGERALD,PA,2023,Neither current nor planned,3.8,487,0.04607382156854432
390113,MEADVILLE MEDICAL CENTER,PA,2023,Neither current nor planned,4.1,693,0.045806129728840274
230217,OAKLAWN HOSPITAL,MI,2024,Neither current nor planned,4.3,286,0.04576881798757227
231322,CHARLEVOIX AREA HOSPITAL,MI,2023,Neither current nor planned,4.4,91,0.0457251973779189
450119,SOUTH TEXAS HEALTH SYSTEM,TX,2023,Neither current nor planned,4.4,948,0.04565886169378636
390204,NAZARETH HOSPITAL,PA,2024,Planned TEFCA,4.4,593,0.04565067008792073
460001,INTERMOUNTAIN HEALTH UTAH VALLEY HOSPITAL,UT,2023,Planned TEFCA,3.9,1789,0.04539391893917492
360013,WILSON MEMORIAL HOSPITAL,OH,2023,Planned TEFCA,4.6,281,0.04528554256637704
160033,GENESIS MEDICAL CENTER-DAVENPORT,IA,2024,Current TEFCA,4,2116,0.045284794835857727
360156,MEMORIAL HOSPITAL,OH,2023,Planned TEFCA,4.5,225,0.045243886411494044
360259,BAY PARK COMMUNITY HOSPITAL,OH,2023,Planned TEFCA,4.6,249,0.04507998563129883
361330,HOCKING VALLEY COMMUNITY HOSPITAL,OH,2023,Neither current nor planned,3.8,98,0.045035933533605556
361300,PAULDING COUNTY HOSPITAL,OH,2024,Neither current nor planned,4.6,63,0.04502490034736267
050334,SALINAS VALLEY MEMORIAL HOSPITAL,CA,2023,Planned TEFCA,3.7,1795,0.0447463176334833
360055,INSIGHT HOSPITAL AND MEDICAL CENTER TRUMBULL,OH,2023,Neither current nor planned,4.8,558,0.044745893341322104
450539,COVENANT HOSPITAL PLAINVIEW,TX,2023,Planned TEFCA,4.2,112,0.044738936821257895
450678,WHITE ROCK MEDICAL CENTER,TX,2023,Planned TEFCA,4.7,171,0.04472337006174091
460004,MCKAY-DEE HOSPITAL,UT,2023,Planned TEFCA,4.1,1536,0.04469305338504802
230230,EDWARD W SPARROW HOSPITAL,MI,2023,Neither current nor planned,4.4,1542,0.04453615382820561
051320,BANNER LASSEN MEDICAL CENTER,CA,2024,Planned TEFCA,4.1,135,0.04448196094146565
340028,CAPE FEAR VALLEY MEDICAL CENTER,NC,2024,Current TEFCA,4.2,2228,0.04431152161789649
160083,MERCYONE DES MOINES MEDICAL CENTER,IA,2024,Planned TEFCA,4.4,3225,0.0442132240923813
670090,CRESCENT MEDICAL CENTER LANCASTER,TX,2023,Neither current nor planned,4.2,57,0.04420942348474176
390142,JEFFERSON EINSTEIN PHILADELPHIA HOSPITAL,PA,2023,Planned TEFCA,3.5,712,0.04401889142535317
050283,STANFORD HEALTH CARE TRI-VALLEY,CA,2023,Planned TEFCA,3.2,1218,0.04391055596247831
231331,SPARROW IONIA HOSPITAL,MI,2023,Neither current nor planned,4,61,0.04389645669842855
450656,NACOGDOCHES MEDICAL CENTER,TX,2024,Neither current nor planned,4.3,646,0.04389546059029934
390329,JEFFERSON EINSTEIN MONTGOMERY HOSPITAL,PA,2023,Planned TEFCA,3.7,1282,0.04382133640110715
390228,ST CLAIR HOSPITAL,PA,2023,Planned TEFCA,4.2,1245,0.04381295606281712
460039,BEAR RIVER VALLEY HOSPITAL,UT,2023,Planned TEFCA,4,36,0.04376035368779031
230193,MCLAREN LAPEER REGION,MI,2023,Neither current nor planned,4.3,650,0.04372335962518473
050152,UCSF HEALTH SAINT FRANCIS HOSPITAL,CA,2024,Planned TEFCA,3.8,192,0.043665622450437876
341307,PENDER MEMORIAL HOSPITAL,NC,2024,Neither current nor planned,3.9,26,0.043647928465396134
050254,MARSHALL MEDICAL CENTER,CA,2024,Planned TEFCA,4.8,824,0.04354722083117191
230303,MUNSON HEALTHCARE MANISTEE HOSPITAL,MI,2023,Neither current nor planned,4.4,116,0.04313818801904499
230156,TRINITY HEALTH ANN ARBOR HOSPITAL,MI,2024,Current TEFCA,3.2,3433,0.04311948358374602
461300,INTERMOUNTAIN HEALTH DELTA COMMUNITY HOSPITAL,UT,2023,Planned TEFCA,3.9,43,0.0430972356976162
461301,INTERMOUNTAIN HEALTH FILLMORE COMMUNITY HOSPITAL,UT,2023,Planned TEFCA,4.1,43,0.0430972356976162
230297,KARMANOS CANCER CENTER,MI,2023,Neither current nor planned,4,121,0.04307353848278069
230208,UNIVERSITY OF MICHIGAN HEALTH-SPARROW CARSON,MI,2023,Neither current nor planned,3.9,81,0.04302250390847005
450604,HILL COUNTRY MEMORIAL HOSPITAL,TX,2024,Neither current nor planned,4.7,465,0.04300403504038531
050457,UCSF HEALTH ST. MARY'S HOSPITAL,CA,2024,Planned TEFCA,3.5,617,0.04293477944406046
160030,MARY GREELEY MEDICAL CENTER,IA,2023,Planned TEFCA,4.4,1446,0.042657697638830025
231326,UNIVERSITY OF MICHIGAN HEALTH- SPARROW CLINTON,MI,2023,Neither current nor planned,3.8,94,0.042635426326075844
450147,DE TAR HOSPITAL NAVARRO,TX,2023,Neither current nor planned,5,759,0.04242077493575287
461303,INTERMOUNTAIN HEALTH SANPETE VALLEY HOSPITAL,UT,2023,Planned TEFCA,4.1,55,0.04229477526496759
451356,MEMORIAL MEDICAL CENTER,TX,2024,Neither current nor planned,4.4,77,0.042280262045647304
231327,UNIVERSITY OF MICHIGAN HEALTH - SPARROW EATON,MI,2023,Neither current nor planned,3.9,114,0.042207162759927835
161310,ADAIR COUNTY MEMORIAL HOSPITAL,IA,2023,Planned TEFCA,4.4,31,0.0420695822402115
461333,INTERMOUNTAIN HEALTH GARFIELD MEMORIAL HOSPITAL,UT,2023,Planned TEFCA,4.3,60,0.04204336375269918
450869,DOCTORS HOSPTAL AT RENAISSANCE,TX,2023,Neither current nor planned,4.7,684,0.04199731587390264
451379,CORYELL MEMORIAL HOSPITAL,TX,2024,Neither current nor planned,4.9,163,0.041978561292859075
451395,HILL REGIONAL HOSPITAL,TX,2024,Neither current nor planned,5,142,0.041788202196029904
231320,MERCY HEALTH LAKESHORE CAMPUS,MI,2024,Current TEFCA,4.1,65,0.04166632481731165
230236,UNIVERSITY OF MICHIGAN HEALTH - WEST,MI,2024,Planned TEFCA,4,586,0.041615926008444826
161316,GUNDERSEN PALMER LUTHERAN HOSPITAL AND CLINICS,IA,2023,Neither current nor planned,4.2,36,0.04153244897284907
461307,INTERMOUNTAIN HEALTH HEBER VALLEY HOSPITAL,UT,2023,Planned TEFCA,3.9,74,0.04150667139109545
340141,NOVANT HEALTH NEW HANOVER REGIONAL MEDICAL CENTER,NC,2024,Neither current nor planned,4,5595,0.0413818136635402
230085,BRONSON SOUTH HAVEN HOSPITAL,MI,2023,Current TEFCA,4.4,59,0.041264675718247386
460062,INTERMOUNTAIN HEALTH SPANISH FORK HOSPITAL,UT,2023,Planned TEFCA,4,92,0.04105309961444013
460015,INTERMOUNTAIN HEALTH LOGAN REGIONAL HOSPITAL,UT,2023,Planned TEFCA,4.5,465,0.04099284171724818
450028,VALLEY BAPTIST MEDICAL CENTER- BROWNSVILLE,TX,2023,Neither current nor planned,4.3,391,0.040922835879872436
670267,THE WOODLANDS SPECIALTY HOSPITAL,TX,2024,Neither current nor planned,4.1,28,0.040879683552997766
460006,LDS HOSPITAL,UT,2023,Planned TEFCA,4.7,412,0.04079537357897366
341327,J ARTHUR DOSHER MEMORIAL HOSPITAL,NC,2023,Neither current nor planned,4.2,145,0.04079037640479853
460026,INTERMOUNTAIN HEALTH SEVIER VALLEY HOSPITAL,UT,2023,Planned TEFCA,4.3,123,0.04061239455362857
161313,GENESIS MEDICAL CENTER-DEWITT,IA,2024,Current TEFCA,4,26,0.04059945974673419
460023,AMERICAN FORK HOSPITAL,UT,2023,Planned TEFCA,3.9,355,0.04059713557038473
230002,ST JOE MERCY HOSPITAL SYSTEM LIVONIA,MI,2024,Current TEFCA,4,1849,0.04058653986052685
230029,TRINITY HEALTH OAKLAND HOSPITAL,MI,2024,Current TEFCA,4.4,1790,0.04047730364028534
460058,INTERMOUNTAIN HEALTH RIVERTON HOSPITAL,UT,2023,Planned TEFCA,4,276,0.040374285112085434
460044,INTERMOUNTAIN HEALTH ALTA VIEW HOSPITAL,UT,2023,Planned TEFCA,3.8,273,0.04036780482319169
390068,UPMC LITITZ,PA,2023,Planned TEFCA,4,426,0.04035513213709473
230017,BRONSON METHODIST HOSPITAL,MI,2023,Current TEFCA,3.6,1920,0.04035083117339039
460057,PARK CITY HOSPITAL,UT,2023,Planned TEFCA,4.1,168,0.04034823882411794
451306,KIMBLE HOSPITAL,TX,2023,Neither current nor planned,4.3,32,0.04032756581085992
460061,INTERMOUNTAIN HEALTH LAYTON HOSPITAL,UT,2023,Planned TEFCA,3.9,226,0.04029781374197618
460007,CEDAR CITY HOSPITAL,UT,2023,Planned TEFCA,5.1,222,0.04029530937828249
230302,HENRY FORD HEALTH WEST BLOOMFIELD HOSPITAL,MI,2023,Current TEFCA,3.9,1617,0.03976288580171483
161303,GRUNDY COUNTY MEMORIAL HOSPITAL,IA,2023,Planned TEFCA,4.4,63,0.03970449296774755
230053,HENRY FORD HEALTH HOSPITAL,MI,2023,Current TEFCA,4,1585,0.03969872851712801
161329,JACKSON COUNTY REGIONAL HEALTH CENTER,IA,2024,Current TEFCA,5.8,34,0.03965153435820969
450874,BAYLOR SURGICAL HOSPITAL AT LAS COLINAS,TX,2023,Neither current nor planned,4.1,93,0.03961904799826688
160079,MERCY MEDICAL CENTER - CEDAR RAPIDS,IA,2023,Neither current nor planned,3.8,1417,0.039494506544075055
390067,UPMC PINNACLE HOSPITALS,PA,2023,Planned TEFCA,3.5,3376,0.03948574025235432
451361,SABINE COUNTY HOSPITAL,TX,2023,Neither current nor planned,4.4,47,0.0393912535577224
161363,MONTGOMERY COUNTY MEMORIAL HOSPITAL,IA,2024,Current TEFCA,4.2,109,0.03927930872283023
390058,UPMC CARLISLE,PA,2023,Planned TEFCA,3.9,719,0.03923413225364356
231332,BRONSON LAKEVIEW HOSPITAL,MI,2023,Current TEFCA,3.9,107,0.03919512376116192
161366,SHENANDOAH MEDICAL CENTER,IA,2023,Neither current nor planned,5.3,73,0.039162928993399126
390101,UPMC MEMORIAL,PA,2023,Planned TEFCA,4,768,0.039136188925644425
340014,NOVANT HEALTH FORSYTH MEDICAL CENTER,NC,2024,Neither current nor planned,4.3,3566,0.0391042807714567
161348,CLARKE COUNTY HOSPITAL,IA,2023,Neither current nor planned,4.3,62,0.03907579161435405
360163,CHRIST HOSPITAL,OH,2023,Planned TEFCA,4.1,2550,0.03891360316295979
361312,MERCY HEALTH - URBANA HOSPITAL,OH,2024,Planned TEFCA,4.2,54,0.03887328953510653
390233,UPMC HANOVER,PA,2023,Planned TEFCA,4,1008,0.03883448139557598
390079,ROBERT PACKER HOSPITAL,PA,2023,Planned TEFCA,4.2,1590,0.0386980233055728
450194,UT HEALTH EAST TEXAS JACKSONVILLE HOSPITAL,TX,2024,Neither current nor planned,4.6,78,0.038680671009907915
230059,MERCY HEALTH SAINT MARY'S,MI,2024,Current TEFCA,4.3,880,0.03867242902599113
450690,THE UNIVERSITY OF TEXAS HEALTH SCIENCE CENTER AT TYLER,TX,2024,Neither current nor planned,4.1,85,0.03860244180251813
450465,MATAGORDA REGIONAL MEDICAL CENTER,TX,2024,Neither current nor planned,4,155,0.038514855497272245
451347,COLEMAN COUNTY MEDICAL CENTER COMPANY,TX,2023,Neither current nor planned,4.7,100,0.03850994012947446
670078,BAPTIST NEIGHBORHOOD HOSPITAL THOUSAND OAKS,TX,2024,Neither current nor planned,3.6,131,0.03845837685628526
230259,CHELSEA HOSPITAL,MI,2024,Current TEFCA,3.4,690,0.038312278460789044
161372,BOONE COUNTY HOSPITAL,IA,2024,Current TEFCA,4.5,58,0.0382413583883819
340127,GRANVILLE HEALTH SYSTEMS,NC,2023,Neither current nor planned,4.3,160,0.03823446214675386
161377,MERCYONE CENTERVILLE MEDICAL CENTER,IA,2024,Current TEFCA,4.7,62,0.038109870922799216
230069,TRINITY HEALTH LIVINGSTON HOSPITAL,MI,2024,Current TEFCA,3.7,539,0.038081357557025845
340148,NOVANT HEALTH MEDICAL PARK HOSPITAL,NC,2024,Neither current nor planned,4,77,0.03800993661295017
230075,BRONSON BATTLE CREEK HOSPITAL,MI,2023,Current TEFCA,3.7,783,0.03800449346497778
341323,CHARLES A CANNON JR MEMORIAL HOSPITAL,NC,2023,Neither current nor planned,4,61,0.03786258967161749
340003,NORTHERN REGIONAL HOSPITAL,NC,2023,Neither current nor planned,3.9,457,0.037739652500945006
340016,HARRIS REGIONAL HOSPITAL,NC,2023,Neither current nor planned,4.1,374,0.037644701450306926
361306,MERCY ALLEN HOSPITAL,OH,2024,Planned TEFCA,3.9,71,0.03751927679708077
341311,CHATHAM HOSPITAL INC,NC,2023,Planned TEFCA,3.8,86,0.03735931401717566
361310,MERCY HEALTH - WILLARD HOSPITAL,OH,2024,Planned TEFCA,4.4,75,0.03726817566308347
340085,NOVANT HEALTH THOMASVILLE MEDICAL CENTER,NC,2024,Neither current nor planned,4.4,182,0.03708551547183182
340053,NOVANT HEALTH PRESBYTERIAN MEDICAL CENTER,NC,2024,Neither current nor planned,3.9,2104,0.037010955201276854
340114,REX HOSPITAL,NC,2023,Planned TEFCA,3.5,3860,0.03635264209401867
160064,MERCYONE NORTH IOWA MEDICAL CENTER,IA,2024,Neither current nor planned,4.8,1742,0.03556264512107012
340060,UNC ROCKINGHAM,NC,2023,Planned TEFCA,4.3,135,0.03555677622366661
340171,NOVANT HEALTH MATTHEWS MEDICAL CENTER,NC,2024,Neither current nor planned,3.7,1175,0.035419518417839316
360112,MERCY ST VINCENT MEDICAL CENTER,OH,2024,Planned TEFCA,3.9,2720,0.03539014723392657
360174,UPPER VALLEY MEDICAL CENTER,OH,2024,Planned TEFCA,4.3,753,0.03531261447222406
340183,NOVANT HEALTH HUNTERSVILLE MEDICAL CENTER,NC,2024,Neither current nor planned,4.4,1105,0.035295761413120255
340173,"WAKEMED, CARY HOSPITAL",NC,2024,Planned TEFCA,3.4,1623,0.03529312517752495
341325,ASHE MEMORIAL HOSPITAL,NC,2024,Neither current nor planned,4.2,195,0.03526891152936817
340068,COLUMBUS REGIONAL HEALTHCARE SYSTEM,NC,2024,Planned TEFCA,4.9,307,0.03519074864686876
340158,NOVANT HEALTH BRUNSWICK MEDICAL CENTER,NC,2024,Neither current nor planned,4.4,931,0.03499493374354567
340190,NOVANT HEALTH MINT HILL MEDICAL CENTER,NC,2024,Neither current nor planned,3.7,268,0.034772369385508324
340015,NOVANT HEALTH ROWAN MEDICAL CENTER,NC,2024,Neither current nor planned,4.4,772,0.03474089462010213
340061,UNC HOSPITALS,NC,2023,Planned TEFCA,3.5,2402,0.0347198527544171
360066,MERCY HEALTH ST RITAS MEDICAL CENTER,OH,2024,Planned TEFCA,3.2,1887,0.03426857106875256
340051,WATAUGA MEDICAL CENTER,NC,2023,Neither current nor planned,4.1,682,0.033784008865840896
360064,ST ELIZABETH YOUNGSTOWN HOSPITAL,OH,2024,Planned TEFCA,4,1540,0.03377393725869179
360270,MERCY HEALTH - DEFIANCE HOSPITAL,OH,2024,Planned TEFCA,4.2,235,0.033557459126070784
340017,PARDEE HOSPITAL HENDERSON COUNTY,NC,2023,Planned TEFCA,4.1,1392,0.03346143424294878
360276,HMHP ST ELIZABETH BOARDMAN HEALTH CENTER,OH,2024,Planned TEFCA,3.8,1316,0.03345438546516115
340147,UNC HEALTH NASH,NC,2023,Planned TEFCA,3.8,1336,0.033393534205816075
360056,MERCY HEALTH - FAIRFIELD HOSPITAL,OH,2024,Planned TEFCA,3.8,1234,0.03333945851188408
360001,MERCY HEALTH-ANDERSON HOSPITAL,OH,2024,Planned TEFCA,4,1229,0.03333251486260878
340090,JOHNSTON HEALTH,NC,2023,Planned TEFCA,4.3,1216,0.03325206874107271
360234,MERCY HEALTH - WEST HOSPITAL,OH,2024,Planned TEFCA,3.4,1160,0.033237674785520616
360016,THE JEWISH HOSPITAL-MERCY HEALTH,OH,2024,Planned TEFCA,3.7,1110,0.0331703508709628
340010,UNC HEALTH CARE WAYNE,NC,2023,Planned TEFCA,4.8,1063,0.03308415715717842
340041,CALDWELL MEMORIAL HOSPITAL,NC,2023,Planned TEFCA,4.4,412,0.0330425986109185
360086,SPRINGFIELD REGIONAL MEDICAL CENTER,OH,2024,Planned TEFCA,3.7,1000,0.03302813087265349
360089,MERCY HEALTH - TIFFIN HOSPITAL,OH,2024,Planned TEFCA,4.7,388,0.03284571847309188
340070,ALAMANCE REGIONAL MEDICAL CENTER,NC,2023,Planned TEFCA,3.8,741,0.03283254477436882
340050,SOUTHEASTERN REGIONAL MEDICAL CENTER,NC,2023,Planned TEFCA,4.4,589,0.03282335973717018
340027,UNC LENOIR HEALTH CARE,NC,2023,Planned TEFCA,4.2,602,0.03281918442907455
340075,"BLUE RIDGE HEALTHCARE HOSPITALS, INC",NC,2023,Planned TEFCA,4.3,646,0.03281294693343054
360161,MH ST JOSEPH WARREN HOSPITAL,OH,2024,Planned TEFCA,4,707,0.03272972969775847
360172,MERCY REGIONAL MEDICAL CENTER,OH,2024,Planned TEFCA,4.3,699,0.032724472380126934
360236,MERCY HEALTH - CLERMONT HOSPITAL,OH,2024,Planned TEFCA,3.5,506,0.03269551540686842
161356,HENRY COUNTY HEALTH CENTER,IA,2023,Neither current nor planned,4.5,59,0.03217438602078591
161369,CRAWFORD COUNTY MEMORIAL HOSPITAL,IA,2023,Neither current nor planned,5.4,84,0.031812772206426476
161355,KNOXVILLE HOSPITAL & CLINICS,IA,2023,Neither current nor planned,5,120,0.03180517060009763
160153,MERCYONE SIOUXLAND MEDICAL CENTER,IA,2024,Neither current nor planned,4.6,855,0.03171639392996975
161321,AVERA MERRILL PIONEER HOSPITAL,IA,2024,Neither current nor planned,4.5,28,0.031647887840998846
161345,OSCEOLA COMMUNITY HOSPITAL,IA,2024,Neither current nor planned,4.3,39,0.030709019813824633
160067,MERCYONE WATERLOO MEDICAL CENTER,IA,2024,Neither current nor planned,4.6,669,0.030651947620617827
161336,HEGG MEMORIAL HEALTH CENTER,IA,2024,Neither current nor planned,4.1,42,0.030532492196579646
160124,LAKES REGIONAL HEALTHCARE,IA,2024,Neither current nor planned,4.6,299,0.030307661535278863
160069,MERCYONE DUBUQUE MEDICAL CENTER,IA,2024,Neither current nor planned,4.5,591,0.030165005654730192
161346,SIOUX CENTER HEALTH,IA,2024,Neither current nor planned,4.1,88,0.029440649553614594
161351,AVERA HOLY FAMILY HOSPITAL,IA,2024,Neither current nor planned,5,97,0.02938764677200094
161368,FLOYD VALLEY HEALTHCARE,IA,2024,Neither current nor planned,4.3,99,0.02937921376358498
161319,MERCYONE ELKADER MEDICAL CENTER,IA,2024,Neither current nor planned,4.1,25,0.02931439112182521
160080,MERCYONE CLINTON MEDICAL CENTER,IA,2024,Neither current nor planned,4.3,448,0.029200530031639412
161380,HANSEN FAMILY HOSPITAL,IA,2024,Neither current nor planned,4.7,36,0.028276554202577738
161338,MERCYONE OELWEIN MEDICAL CENTER,IA,2024,Neither current nor planned,4.6,40,0.028031806241233817
161334,HUMBOLDT COUNTY MEMORIAL HOSPITAL,IA,2024,Neither current nor planned,4.3,52,0.027529745779652195
161311,HAWARDEN REGIONAL HEALTHCARE,IA,2024,Neither current nor planned,4.5,57,0.027390259652249546
161328,REGIONAL HEALTH SERVICES OF HOWARD COUNTY,IA,2024,Neither current nor planned,4.4,60,0.027320499236769494
161357,PALO ALTO COUNTY HOSPITAL,IA,2024,Neither current nor planned,4.3,78,0.027055285181736367
160032,MERCYONE NEWTON MEDICAL CENTER,IA,2024,Neither current nor planned,3.8,143,0.02702859364008649
160040,"SARTORI MEMORIAL HOSPITAL, INC",IA,2024,Neither current nor planned,4,139,0.027011595603872573
161362,CHEROKEE REGIONAL MEDICAL CENTER,IA,2024,Neither current nor planned,5.6,129,0.026975426298130094
161323,MITCHELL COUNTY REGIONAL HEALTH,IA,2024,Neither current nor planned,4.3,101,0.026943876948279256
