term,estimate,conventional_se,conventional_p_value,conventional_conf_low,conventional_conf_high,robust_se_hc1,statistic_hc1,robust_p_value_hc1,robust_conf_low_hc1,robust_conf_high_hc1
(Intercept),17.45394994799475,1.5204794950375726,1.331504105688584e-27,14.467567898245344,20.44033199774416,2.5354539719714695,6.883954566299322,1.5305454249316834e-11,12.474051005211358,22.433848890778144
tefca_statusCurrent TEFCA,0.4788207170745427,0.3022850198935622,0.11374354946049421,-0.11489893535389689,1.0725403695029823,0.30133768982376685,1.5889838319082301,0.11261466661250898,-0.11303827920900439,1.0706797133580899
tefca_statusNeither current nor planned,0.588441269936744,0.28099071218866106,0.0366831431291557,0.036545883142472646,1.1403366567310154,0.27145881480202005,2.167699989281634,0.03059183583299174,0.05526753466649692,1.121615005206991
national_network,-0.1254526389539413,0.2392921685878134,0.6002962425908154,-0.5954476893630861,0.3445424114552036,0.24839279912654857,-0.5050574710502256,0.613712324236793,-0.6133222873244407,0.3624170094165582
vendor_network,-0.7438662603817776,0.2551482875047177,0.0036906786506004166,-1.2450044002351934,-0.2427281205283618,0.2490183051792065,-2.987195097350184,0.0029357348537811818,-1.2329644685939347,-0.2547680521696204
hio,0.17172728758571268,0.28676967518519036,0.5495201699738046,-0.39151859187572524,0.7349731670471505,0.3111596684218285,0.5518944291742459,0.5812354851932593,-0.4394231103076597,0.782877685479085
log_denominator,-0.2240817347927199,0.11608714545115287,0.05406334764658882,-0.45208912885060865,0.003925659265168857,0.1065999391579998,-2.102081263485446,0.0359812280126871,-0.4334552553464863,-0.014708214238953465
mstateAL,1.489649437329015,1.5662319324819491,0.3419518906806033,-1.5865952237624763,4.5658940984205065,2.624799185625439,0.5675289163022429,0.5705767832374358,-3.665732925755713,6.645031800413743
mstateAR,1.1212220774151709,1.6374158901717064,0.49377749053250375,-2.0948353823155808,4.337279537145923,2.5695306033835035,0.4363528793697843,0.6627447967114131,-3.9256069625493817,6.168051117379723
mstateAZ,-0.029264973142793867,1.488378509767338,0.9843195826923455,-2.952597303048443,2.8940673567628554,2.5786521976176036,-0.011348941578795133,0.9909489923822556,-5.09400978597684,5.035479839691251
mstateCA,-0.7584491573913189,1.444046372350881,0.5996296475083625,-3.59470849496815,2.0778101801855122,2.5637937782654046,-0.29583079724316425,0.7674662920102426,-5.79401046792502,4.277112153142381
mstateCO,0.541361985505292,1.5316348425410777,0.7238781173521021,-2.466930342976524,3.5496543139871077,2.582810581967096,0.20960189232807966,0.8340527726622156,-4.531550332657049,5.614274303667632
mstateCT,-1.2389833751445298,1.570781620637554,0.4305728589647546,-4.324164103499145,1.8461973532100848,2.5607298774147997,-0.4838399341032225,0.6286840031300258,-6.268526861345629,3.7905601110565694
mstateDC,-2.0233929416957817,2.7368485094726007,0.4600180169163982,-7.398851991454574,3.3520661080630103,2.5191862184243186,-0.8031930815187446,0.42219560403372036,-6.971340301217765,2.924554417826202
mstateDE,-0.8990476327445068,1.9428156799738532,0.6437153816919875,-4.714942481429877,2.916847215940863,2.5003069405296285,-0.3595749058529853,0.7192972986448661,-5.8099140998237155,4.011818834334702
mstateFL,-1.587531740657676,1.4848592503587408,0.2854531585530927,-4.50395187400918,1.3288883926938284,2.528439098141431,-0.6278702705651943,0.5303386359914648,-6.553652731580715,3.378589250265363
mstateGA,0.10494122734369331,1.515880866072938,0.9448323363552509,-2.8724086302332688,3.0822910849206555,2.5555702443436332,0.0410637225002775,0.9672593744249793,-4.91446819546667,5.1243506501540566
mstateIA,0.1693960965418559,1.4246309777104322,0.9053920264199409,-2.628729358774627,2.9675215518583387,2.51275661923734,0.06741444644697431,0.946275243905659,-4.765922852230924,5.104715045314636
mstateID,0.1320331068204578,1.6119163329440105,0.9347463228265027,-3.033940533805935,3.29800674744685,2.6219168844398877,0.05035747227687717,0.9598550436449401,-5.017688112821959,5.281754326462875
mstateIL,-0.3849029505341021,1.4704105934419907,0.7935960453321752,-3.2729443982144106,2.5031384971462067,2.5231887612504447,-0.1525462369067273,0.8788097310073442,-5.3407117262003405,4.570905825132136
mstateIN,1.030335727115569,1.6020335522142966,0.5203885318224439,-2.1162270901033713,4.1768985443345095,2.565306428331604,0.4016423596559057,0.6880967434919438,-4.008196587644097,6.068868041875236
mstateKS,1.1987637307083376,1.4835765765656366,0.4194121808523965,-1.715137096066582,4.112664557483257,2.5677251441156286,0.466858274708843,0.6407784301304169,-3.8445191968839447,6.2420466583006204
mstateKY,2.07814978245644,1.6097004347717152,0.19721766573850785,-1.0834716005121465,5.239771165425026,2.6528517030619563,0.78336447531455,0.43373620808769764,-3.132330682770486,7.288630247683366
mstateLA,1.619284200436281,1.5843606774215793,0.30719125841643957,-1.4925672272369976,4.73113562810956,2.722960264387883,0.5946778664433774,0.5522931522772678,-3.728896871580038,6.967465272452601
mstateMA,-1.309430481847567,1.4966354180127255,0.3819854720756902,-4.248980250167171,1.6301192864720369,2.5638468776606422,-0.5107288166297764,0.6097373227623526,-6.345096085192389,3.726235121497255
mstateMD,0.9731173714258402,1.6091717545171544,0.5455961700583237,-2.1874656277779994,4.13370037062968,2.5165900023374754,0.3866809335338625,0.6991357386227157,-3.96973074595291,5.9159654888045905
mstateME,-0.8687987176830791,1.6108284676374802,0.5898552083923412,-4.032635676141399,2.2950382407752405,2.598911000357009,-0.3342933704015772,0.7382802977155849,-5.97333395521396,4.235736519847801
mstateMI,0.21056149816726782,1.4330743922618003,0.8832389302384296,-2.6041477136136026,3.025270709948138,2.5098185097359065,0.08389510928797157,0.9331690781684328,-4.7189866937463005,5.140109690080836
mstateMN,-0.5994860783148636,1.8109947323507372,0.7407457630329125,-4.156470686482387,2.95749852985266,2.6655792551836237,-0.224898988521565,0.8221378954446554,-5.834964797919734,4.635992641290007
mstateMO,-1.0009057300235282,1.8071846933497568,0.5798985204099789,-4.550407019857258,2.5485955598102015,2.5541126284412288,-0.3918800286557369,0.6952923089385997,-6.017452241508499,4.0156407814614425
mstateMS,2.236567685369497,1.7366732719313493,0.1983185366229984,-1.1744417379750733,5.647577108714067,2.8575065174346754,0.782699067079425,0.4341266324573586,-3.375876414376803,7.849011785115797
mstateMT,-1.8155985478047914,1.6347504863639,0.26719381867188136,-5.026420873413086,1.3952237778035035,2.5869298691413047,-0.7018352408631217,0.48306638712527805,-6.896601580320709,3.2654044847111265
mstateNC,0.44142112142758094,1.4348466452920299,0.7584652737112091,-2.3767689821735116,3.2596112250286735,2.5545407643110596,0.17279862102597093,0.8628706333976855,-4.575966294048986,5.458808536904148
mstateND,-1.0844937948457838,1.9385869504855744,0.5760899893545489,-4.892082972932991,2.7230953832414233,2.5473813674309613,-0.4257288715036405,0.6704650000797002,-6.0878193999529655,3.9188318102613975
mstateNE,-0.0379232514925179,1.5811964482445693,0.9808737892172179,-3.1435597994213764,3.0677132964363403,2.6083674411311524,-0.014539075628114722,0.9884049566251912,-5.1610319358042265,5.085185432819191
mstateNH,-0.8217898533887468,1.827971720394043,0.6531947271050306,-4.412119056150812,2.768539349373318,2.8037422310152964,-0.2931046386140707,0.7695481036106089,-6.3286352256254395,4.685055518847945
mstateNJ,-1.9381184184829152,1.6782889091938404,0.2486454481134501,-5.234454797281728,1.3582179603158973,2.6467771371159357,-0.7322559921288986,0.46431121393914077,-7.136667795681083,3.2604309587152525
mstateNM,2.7995236853889107,2.1590705731507103,0.19527825612073124,-1.4411185757157785,7.0401659464936,2.492650007648522,1.1231114182892779,0.26185970176923046,-2.096303758154037,7.695351128931859
mstateNV,1.9236578638933557,1.8086547162468622,0.28796401134348054,-1.6287307059115703,5.476046433698282,2.5863618207512022,0.7437698192338125,0.45732008078873687,-3.1562294616885804,7.003545189475291
mstateNY,0.09872415860122313,1.4631313738880058,0.9462274031909608,-2.7750201343439156,2.9724684515463617,2.591289960497941,0.0380984606532618,0.9696224249678596,-4.99084255307329,5.188290870275737
mstateOH,0.32431841581978765,1.4423135113401013,0.8221683205585936,-2.508537400016571,3.1571742316561466,2.504794017460841,0.12947907634678701,0.8970239380304456,-4.595361143476023,5.243997975115597
mstateOK,-0.17033450570996211,1.4685698499651938,0.9077036836018239,-3.0547605391112613,2.7140915276913367,2.57999811458622,-0.06602117449116057,0.9473839552956292,-5.2377228413857475,4.897053829965823
mstateOR,0.7899990476057213,1.4607273747454503,0.5888374656476066,-2.0790235375423887,3.6590216327538307,2.5386062304433232,0.3111940080079933,0.755766120758753,-4.196091263194958,5.7760893584064
mstatePA,-0.29657811890804564,1.4432480878452858,0.8372594216299019,-3.131269541543647,2.538113303727556,2.516703052452745,-0.11784390638339497,0.9062325639770636,-5.239648278633347,4.6464920408172565
mstateRI,1.1987826428533346,2.1607695320074147,0.5792514715466315,-3.045196552586531,5.4427618382932,3.148671786881481,0.38072645356302354,0.7035470970042397,-4.985540746961855,7.3831060326685245
mstateSC,0.2416399544774166,1.6204768513981163,0.8815140234150107,-2.9411474470259407,3.4244273559807743,2.5334381912500032,0.09538024464618614,0.9240460951078606,-4.734299782422264,5.217579691377097
mstateSD,-0.4126840618190889,1.5383470220921402,0.7885920259241381,-3.43415981868084,2.608791695042662,2.5774984223465913,-0.16011030627261275,0.8728505097689525,-5.47516273836518,4.649794614727002
mstateTN,2.7209725723302616,1.9356465063686745,0.16034900990200207,-1.0808412634667928,6.522786408127316,3.118696544458201,0.8724710896176548,0.3833162415021545,-3.404476280733902,8.846421425394425
mstateTX,0.3254054399171071,1.4521422783933666,0.8227697556156499,-2.526755110770881,3.1775659906050953,2.5390234551154323,0.12816165178053193,0.8980659361124057,-4.66150434413235,5.312315223966564
mstateUT,-0.3966435018431663,1.4644296822382221,0.7866023401485602,-3.272937809283587,2.4796508055972546,2.515147962621326,-0.15770185600921002,0.8747471975259327,-5.336659301168703,4.543372297482371
mstateVA,1.7116333891634599,1.4848089371451867,0.24948734700676947,-1.2046879237315282,4.627954702058448,2.5226306559209766,0.6785112934174531,0.4977210172736244,-3.2430792087882923,6.6663459871152115
mstateWA,1.0257855879084024,1.475336112389982,0.48715531706655213,-1.8719300983394036,3.9235012741562083,2.5354293068656117,0.40458063063746597,0.6859365136090381,-3.954064910006363,6.005636085823168
mstateWI,-0.22481199731331125,1.605556412629704,0.8886923278678921,-3.3782940838434667,2.928670089216844,2.5326187572678416,-0.08876661624185225,0.929298350672299,-5.199142279469754,4.749518284843132
mstateWV,-0.6572042979694448,1.8194852397923338,0.7180802882461105,-4.230865158003306,2.916456562064416,2.4960152300913516,-0.2633013973818548,0.7924127710160109,-5.559641393223895,4.245232797285006
mstateWY,0.4662664253689366,1.6077462990347497,0.7719114565914582,-2.69151682896543,3.6240496797033033,2.787921670973433,0.16724516697276312,0.8672360490360617,-5.009505698803443,5.942038549541317
year2024,0.1641206626057309,0.2197930908676056,0.4555472096198979,-0.26757614315075706,0.5958174683622188,0.22770927378980083,0.720746502214184,0.4713589193793829,-0.2831243611034052,0.6113656863148671
