aha_id,mstate,facility_id,year,national_network,vendor_network,hio,tefca_part,tefca_plan,tefca_status
6110008,ME,200008,2023,1,0,1,1,0,Current TEFCA
6110050,ME,200033,2023,1,0,1,1,0,Current TEFCA
6110150,ME,201300,2023,1,0,1,1,0,Current TEFCA
6110240,ME,201309,2023,1,0,1,0,1,Planned TEFCA
6110260,ME,200050,2023,1,0,1,1,0,Current TEFCA
6110310,ME,201301,2023,1,0,1,1,0,Current TEFCA
6110410,ME,201313,2023,1,0,1,1,0,Current TEFCA
6110480,ME,200018,2023,1,0,1,1,0,Current TEFCA
6110555,ME,200039,2023,0,0,1,0,1,Planned TEFCA
6110582,ME,200041,2023,1,0,1,1,0,Current TEFCA
6120110,NH,300023,2023,0,0,0,0,0,Neither current nor planned
6120190,NH,300005,2023,0,0,0,0,1,Planned TEFCA
6120225,NH,300034,2024,1,0,0,1,0,Current TEFCA
6120420,NH,301301,2023,1,0,0,0,0,Neither current nor planned
6140002,MA,220035,2023,1,1,1,0,1,Planned TEFCA
6140008,MA,220001,2024,1,1,1,1,0,Current TEFCA
6140430,MA,220071,2023,1,1,1,0,1,Planned TEFCA
6140583,MA,220162,2023,0,1,1,0,0,Neither current nor planned
6141020,MA,220016,2024,1,0,1,0,1,Planned TEFCA
6141095,MA,220163,2024,1,1,1,1,0,Current TEFCA
6141170,MA,220010,2023,0,1,1,0,1,Planned TEFCA
6141300,MA,220049,2024,1,1,1,1,0,Current TEFCA
6141395,MA,220090,2024,0,0,1,1,0,Current TEFCA
6141530,MA,220101,2023,1,1,1,0,1,Planned TEFCA
6141570,MA,220015,2023,1,1,1,0,1,Planned TEFCA
6141660,MA,220030,2024,1,0,1,0,1,Planned TEFCA
6141720,MA,220060,2023,0,0,1,0,0,Neither current nor planned
6141890,MA,220019,2024,1,1,1,1,0,Current TEFCA
6141940,MA,220066,2024,0,0,1,1,0,Current TEFCA
6141955,MA,220077,2024,1,0,1,0,1,Planned TEFCA
6142200,MA,220065,2024,1,0,1,0,1,Planned TEFCA
6150200,RI,410008,2023,0,0,1,0,0,Neither current nor planned
6150220,RI,410013,2024,1,1,1,0,1,Planned TEFCA
6160002,CT,070010,2024,1,1,1,0,1,Planned TEFCA
6160004,CT,070002,2024,0,1,1,1,0,Current TEFCA
6160120,CT,070031,2023,0,0,1,1,0,Current TEFCA
6160160,CT,070018,2024,1,1,1,0,1,Planned TEFCA
6160215,CT,070036,2024,1,1,1,0,1,Planned TEFCA
6160400,CT,070022,2024,1,1,1,0,1,Planned TEFCA
6160480,CT,070007,2024,1,1,1,0,1,Planned TEFCA
6160650,CT,070008,2024,0,1,1,1,0,Current TEFCA
6160740,CT,070016,2024,0,1,1,1,0,Current TEFCA
6160750,CT,070005,2023,0,0,1,0,1,Planned TEFCA
6210009,NY,330103,2023,0,1,1,0,1,Planned TEFCA
6210070,NY,330057,2024,0,1,1,1,0,Current TEFCA
6210120,NY,331309,2024,0,0,1,0,0,Neither current nor planned
6210180,NY,330235,2024,0,0,1,0,0,Neither current nor planned
6210665,NY,330397,2023,1,1,1,0,1,Planned TEFCA
6211350,NY,330277,2023,1,1,1,0,1,Planned TEFCA
6211370,NY,330175,2023,1,1,1,0,1,Planned TEFCA
6211470,NY,330229,2023,0,1,1,0,1,Planned TEFCA
6211595,NY,330055,2023,1,1,1,0,1,Planned TEFCA
6212390,NY,331319,2024,0,0,1,0,0,Neither current nor planned
6212490,NY,331313,2023,1,1,1,1,0,Current TEFCA
6212500,NY,330162,2024,0,0,1,0,1,Planned TEFCA
6212600,NY,330184,2023,0,0,0,0,0,Neither current nor planned
6213660,NY,330188,2024,0,0,0,0,0,Neither current nor planned
6213710,NY,330033,2023,1,1,1,1,0,Current TEFCA
6213870,NY,330261,2024,0,0,1,0,1,Planned TEFCA
6213923,NY,330141,2023,1,1,1,1,0,Current TEFCA
6213930,NY,330267,2023,1,1,1,0,1,Planned TEFCA
6213950,NY,331314,2023,0,0,1,0,0,Neither current nor planned
6214050,NY,330185,2023,0,0,1,0,0,Neither current nor planned
6214735,NY,330160,2024,1,0,1,0,0,Neither current nor planned
6214870,NY,330140,2024,0,1,1,0,1,Planned TEFCA
6214990,NY,330180,2024,0,1,1,1,0,Current TEFCA
6215170,NY,330008,2024,1,1,1,0,0,Neither current nor planned
6215210,NY,330157,2023,1,0,1,0,0,Neither current nor planned
6215260,NY,330096,2024,0,0,0,0,0,Neither current nor planned
6220217,NJ,310011,2024,1,0,1,0,0,Neither current nor planned
6220275,NJ,310069,2023,1,0,1,1,0,Current TEFCA
6220280,NJ,310045,2024,1,1,1,0,1,Planned TEFCA
6220295,NJ,310005,2024,1,0,1,1,0,Current TEFCA
6221145,NJ,310060,2023,1,1,0,0,1,Planned TEFCA
6221260,NJ,310091,2023,0,0,1,0,0,Neither current nor planned
6221345,NJ,310086,2023,1,1,1,1,0,Current TEFCA
6230010,PA,390231,2023,1,1,1,1,0,Current TEFCA
6230039,PA,390067,2023,1,1,1,0,1,Planned TEFCA
6230043,PA,390174,2023,1,1,1,1,0,Current TEFCA
6230049,PA,390049,2023,1,1,0,0,1,Planned TEFCA
6230054,PA,390115,2023,1,1,1,1,0,Current TEFCA
6230340,PA,390058,2023,1,1,1,0,1,Planned TEFCA
6230440,PA,390183,2023,1,1,0,0,1,Planned TEFCA
6230515,PA,390329,2023,1,0,1,0,1,Planned TEFCA
6230552,PA,390330,2023,1,1,0,0,1,Planned TEFCA
6230555,PA,390156,2023,1,0,1,0,0,Neither current nor planned
6230563,PA,390332,2023,1,1,0,0,1,Planned TEFCA
6230590,PA,390203,2023,0,0,1,0,0,Neither current nor planned
6230615,PA,390086,2023,0,0,0,0,0,Neither current nor planned
6230880,PA,390233,2023,1,1,1,0,1,Planned TEFCA
6230990,PA,390125,2024,0,0,1,0,0,Neither current nor planned
6231010,PA,390173,2023,1,0,0,0,0,Neither current nor planned
6231130,PA,390258,2024,0,1,1,0,1,Planned TEFCA
6231150,PA,390012,2023,1,1,1,1,0,Current TEFCA
6231335,PA,390113,2023,1,0,1,0,0,Neither current nor planned
6231634,PA,390142,2023,1,0,1,0,1,Planned TEFCA
6232030,PA,390204,2024,1,1,1,0,1,Planned TEFCA
6232575,PA,390228,2023,1,0,1,0,1,Planned TEFCA
6232820,PA,390035,2023,1,1,0,0,1,Planned TEFCA
6232970,PA,390079,2023,1,1,1,0,1,Planned TEFCA
6233000,PA,390237,2024,1,0,0,0,0,Neither current nor planned
6233090,PA,390057,2023,0,0,1,0,0,Neither current nor planned
6233549,PA,390101,2023,1,1,1,0,1,Planned TEFCA
6239183,PA,390068,2023,1,1,1,0,1,Planned TEFCA
6310080,DE,080006,2024,1,1,1,0,1,Planned TEFCA
6310120,DE,080001,2023,1,1,1,0,1,Planned TEFCA
6310140,DE,080003,2024,1,1,1,0,1,Planned TEFCA
6320008,MD,210060,2023,1,0,1,0,0,Neither current nor planned
6320206,MD,210027,2024,1,1,1,0,1,Planned TEFCA
6320391,MD,210065,2024,0,1,1,0,1,Planned TEFCA
6320395,MD,210016,2023,1,0,1,0,0,Neither current nor planned
6320500,MD,210032,2023,1,1,1,0,1,Planned TEFCA
6320775,MD,210057,2023,1,0,1,0,0,Neither current nor planned
6320785,MD,210019,2023,1,1,1,0,1,Planned TEFCA
6320813,MD,210004,2024,0,1,1,0,1,Planned TEFCA
6330100,DC,090003,2023,0,0,1,0,0,Neither current nor planned
6340010,VA,490053,2023,1,1,1,0,1,Planned TEFCA
6340013,VA,490021,2023,1,1,1,0,1,Planned TEFCA
6340021,VA,490136,2024,0,1,1,0,1,Planned TEFCA
6340145,VA,490120,2023,1,1,1,0,1,Planned TEFCA
6340195,VA,490019,2023,1,1,1,1,0,Current TEFCA
6340227,VA,490097,2024,0,1,1,0,1,Planned TEFCA
6340280,VA,490092,2024,0,1,1,0,1,Planned TEFCA
6340385,VA,491308,2024,0,1,1,0,1,Planned TEFCA
6340420,VA,491307,2024,1,1,1,0,1,Planned TEFCA
6340429,VA,490144,2023,1,1,1,1,0,Current TEFCA
6340454,VA,490045,2023,1,1,1,1,0,Current TEFCA
6340510,VA,490041,2024,0,1,1,0,1,Planned TEFCA
6340710,VA,490067,2024,0,1,1,0,1,Planned TEFCA
6340740,VA,490017,2024,0,1,1,0,1,Planned TEFCA
6340890,VA,490094,2024,0,1,1,0,1,Planned TEFCA
6340896,VA,490069,2024,0,1,1,0,1,Planned TEFCA
6340921,VA,490059,2024,0,1,1,0,1,Planned TEFCA
6341200,VA,490005,2024,1,1,1,0,1,Planned TEFCA
6341215,VA,491305,2024,1,1,1,0,1,Planned TEFCA
6344000,VA,490009,2023,1,1,1,1,0,Current TEFCA
6350060,WV,511309,2024,1,1,1,0,1,Planned TEFCA
6350180,WV,510031,2023,0,0,1,1,0,Current TEFCA
6350555,WV,510024,2024,0,0,1,0,0,Neither current nor planned
6350590,WV,511317,2024,0,0,0,0,1,Planned TEFCA
6350675,WV,511311,2024,1,1,1,0,1,Planned TEFCA
6359070,WV,511304,2024,0,0,0,0,0,Neither current nor planned
6360006,NC,340070,2023,1,1,1,0,1,Planned TEFCA
6360012,NC,340171,2024,0,1,1,0,0,Neither current nor planned
6360015,NC,341323,2023,0,1,1,0,0,Neither current nor planned
6360019,NC,340141,2024,0,1,1,0,0,Neither current nor planned
6360023,NC,340028,2024,1,1,1,1,0,Current TEFCA
6360026,NC,340183,2024,0,1,1,0,0,Neither current nor planned
6360215,NC,340051,2023,0,1,1,0,0,Neither current nor planned
6360225,NC,341307,2024,0,1,1,0,0,Neither current nor planned
6360260,NC,340061,2023,1,1,1,0,1,Planned TEFCA
6360320,NC,340053,2024,0,1,1,0,0,Neither current nor planned
6360348,NC,340024,2024,0,0,1,0,1,Planned TEFCA
6360427,NC,340075,2023,1,1,1,0,1,Planned TEFCA
6360433,NC,340190,2024,0,1,1,0,0,Neither current nor planned
6360625,NC,340010,2023,1,1,1,0,1,Planned TEFCA
6360750,NC,340017,2023,1,1,1,0,1,Planned TEFCA
6360820,NC,341325,2024,0,1,1,0,0,Neither current nor planned
6360840,NC,340027,2023,1,1,1,0,1,Planned TEFCA
6360880,NC,340060,2023,1,1,1,0,1,Planned TEFCA
6360895,NC,340041,2023,1,1,1,0,1,Planned TEFCA
6360950,NC,340050,2023,1,1,1,0,1,Planned TEFCA
6361035,NC,340003,2023,0,0,1,0,0,Neither current nor planned
6361120,NC,340127,2023,0,0,1,0,0,Neither current nor planned
6361155,NC,341314,2023,0,0,0,0,0,Neither current nor planned
636118A,NC,340173,2024,1,1,1,0,1,Planned TEFCA
6361210,NC,340114,2023,1,1,1,0,1,Planned TEFCA
6361291,NC,340147,2023,1,1,1,0,1,Planned TEFCA
6361340,NC,340015,2024,0,1,1,0,0,Neither current nor planned
6361350,NC,340158,2024,0,1,1,0,0,Neither current nor planned
6361375,NC,341311,2023,1,1,1,0,1,Planned TEFCA
6361395,NC,340090,2023,1,1,1,0,1,Planned TEFCA
6361400,NC,341327,2023,1,0,1,0,0,Neither current nor planned
6361440,NC,340016,2023,0,0,1,0,0,Neither current nor planned
6361480,NC,340085,2024,0,0,1,0,0,Neither current nor planned
6361525,NC,340186,2023,1,1,1,0,1,Planned TEFCA
6361550,NC,340068,2024,1,1,1,0,1,Planned TEFCA
6361685,NC,340014,2024,0,1,1,0,0,Neither current nor planned
6361686,NC,340148,2024,0,1,1,0,0,Neither current nor planned
6370018,SC,420098,2023,1,0,1,0,1,Planned TEFCA
6370030,SC,420027,2024,1,1,1,1,0,Current TEFCA
6370035,SC,420104,2024,0,1,1,0,1,Planned TEFCA
6370085,SC,420004,2023,1,1,1,0,1,Planned TEFCA
6370090,SC,420087,2024,0,1,1,0,1,Planned TEFCA
6370100,SC,420065,2024,0,1,1,0,1,Planned TEFCA
6370330,SC,420023,2024,0,1,1,0,1,Planned TEFCA
6370433,SC,420110,2024,0,1,1,0,1,Planned TEFCA
6370520,SC,420068,2024,0,0,0,0,0,Neither current nor planned
6380005,GA,110101,2023,1,0,1,0,0,Neither current nor planned
6380050,GA,110006,2024,0,1,1,1,0,Current TEFCA
6380130,GA,110079,2023,1,1,1,0,0,Neither current nor planned
6380340,GA,110025,2024,1,1,1,1,0,Current TEFCA
6380360,GA,110121,2024,1,0,1,1,0,Current TEFCA
6380373,GA,111331,2024,1,0,1,1,0,Current TEFCA
6380635,GA,111329,2024,1,1,1,1,0,Current TEFCA
6380650,GA,110135,2023,1,0,0,0,0,Neither current nor planned
6380652,GA,111335,2023,1,0,1,0,0,Neither current nor planned
6380693,GA,111326,2023,0,0,0,0,0,Neither current nor planned
6380775,GA,110035,2023,0,0,0,0,0,Neither current nor planned
638080A,GA,111334,2024,0,0,1,0,0,Neither current nor planned
6380985,GA,110146,2023,1,0,0,0,1,Planned TEFCA
6381140,GA,110038,2024,1,0,1,1,0,Current TEFCA
6381160,GA,110095,2023,1,0,1,0,0,Neither current nor planned
6381170,GA,110032,2023,0,1,1,0,0,Neither current nor planned
6381201,GA,110128,2024,0,0,0,0,0,Neither current nor planned
6388093,GA,110153,2023,0,0,1,0,1,Planned TEFCA
6389185,GA,111332,2024,1,0,1,1,0,Current TEFCA
6389226,GA,110027,2024,1,1,1,1,0,Current TEFCA
6390038,FL,100168,2023,1,0,1,0,1,Planned TEFCA
6390050,FL,100002,2023,1,0,1,0,1,Planned TEFCA
6390056,FL,100017,2024,1,0,1,0,1,Planned TEFCA
6390095,FL,101309,2024,0,0,1,0,0,Neither current nor planned
6390105,FL,100296,2023,1,1,1,0,1,Planned TEFCA
6390124,FL,100316,2023,0,0,0,0,0,Neither current nor planned
6390230,FL,100073,2024,1,1,1,1,0,Current TEFCA
6390300,FL,100125,2023,1,1,1,0,1,Planned TEFCA
6390306,FL,101313,2023,1,1,1,0,1,Planned TEFCA
6390420,FL,100314,2023,1,1,1,0,1,Planned TEFCA
6390488,FL,100107,2024,1,1,1,1,0,Current TEFCA
6390508,FL,101312,2023,1,1,1,0,1,Planned TEFCA
6390530,FL,100019,2024,0,0,0,0,0,Neither current nor planned
6390578,FL,100008,2023,1,1,1,0,1,Planned TEFCA
6390610,FL,100079,2023,1,1,1,0,1,Planned TEFCA
6390755,FL,100330,2024,1,0,1,0,1,Planned TEFCA
6390758,FL,100350,2024,1,0,1,0,0,Neither current nor planned
6390994,FL,100154,2023,1,1,1,0,1,Planned TEFCA
6391030,FL,100135,2024,0,0,0,0,0,Neither current nor planned
6393411,FL,100253,2023,1,0,1,0,1,Planned TEFCA
6410014,OH,360172,2024,0,1,1,0,1,Planned TEFCA
6410017,OH,360095,2024,1,0,1,0,0,Neither current nor planned
6410022,OH,360174,2024,1,1,1,0,1,Planned TEFCA
6410032,OH,360259,2023,1,1,0,0,1,Planned TEFCA
6410047,OH,360270,2024,0,1,1,0,1,Planned TEFCA
6410055,OH,363303,2023,1,1,1,0,1,Planned TEFCA
6410074,OH,360276,2024,0,1,1,0,1,Planned TEFCA
6410155,OH,360236,2024,0,1,1,0,1,Planned TEFCA
6410190,OH,360107,2023,0,0,1,1,0,Current TEFCA
6410210,OH,361322,2024,0,0,0,0,0,Neither current nor planned
6410297,OH,360358,2024,1,1,1,1,0,Current TEFCA
6410430,OH,360163,2023,1,1,1,0,1,Planned TEFCA
6410518,OH,360234,2024,0,1,1,0,1,Planned TEFCA
6410580,OH,360001,2024,0,1,1,0,1,Planned TEFCA
6410855,OH,360056,2024,0,1,1,0,1,Planned TEFCA
6411060,OH,360012,2024,1,1,1,1,0,Current TEFCA
6411230,OH,361328,2023,1,1,0,0,1,Planned TEFCA
6411325,OH,361318,2023,1,1,0,0,1,Planned TEFCA
6411340,OH,360156,2023,1,1,0,0,1,Planned TEFCA
6411400,OH,360044,2023,1,0,1,0,0,Neither current nor planned
6411510,OH,360072,2023,0,0,1,0,1,Planned TEFCA
6411560,OH,360066,2024,0,1,1,0,1,Planned TEFCA
6411579,OH,361330,2023,0,0,0,0,0,Neither current nor planned
6411840,OH,361306,2024,0,1,1,0,1,Planned TEFCA
6411880,OH,361300,2024,0,0,0,0,0,Neither current nor planned
6411900,OH,361314,2024,1,0,1,0,0,Neither current nor planned
6412020,OH,360013,2023,0,0,1,0,1,Planned TEFCA
6412050,OH,360086,2024,0,1,1,0,1,Planned TEFCA
6412080,OH,360089,2024,0,1,1,0,1,Planned TEFCA
6412170,OH,360112,2024,0,1,1,0,1,Planned TEFCA
6412180,OH,360068,2023,1,1,0,0,1,Planned TEFCA
6412235,OH,361312,2024,0,1,1,0,1,Planned TEFCA
6412270,OH,360161,2024,0,1,1,0,1,Planned TEFCA
6412290,OH,360055,2023,0,0,0,0,0,Neither current nor planned
6412342,OH,361310,2024,0,1,1,0,1,Planned TEFCA
6412440,OH,360064,2024,0,1,1,0,1,Planned TEFCA
6418083,OH,360035,2024,1,1,1,1,0,Current TEFCA
6419060,OH,360016,2024,0,1,1,0,1,Planned TEFCA
6420198,IN,150172,2024,0,0,0,0,0,Neither current nor planned
6420235,IN,150005,2024,0,1,1,0,1,Planned TEFCA
6420495,IN,150002,2024,1,1,1,0,1,Planned TEFCA
6420530,IN,151332,2023,0,0,1,1,0,Current TEFCA
6420570,IN,151302,2023,1,1,1,0,1,Planned TEFCA
6420880,IN,150072,2023,1,0,1,0,0,Neither current nor planned
6420920,IN,150011,2024,0,0,1,0,0,Neither current nor planned
6421150,IN,150076,2024,1,1,1,0,0,Neither current nor planned
6421270,IN,150097,2023,1,0,1,0,1,Planned TEFCA
6421300,IN,150012,2024,1,1,1,1,0,Current TEFCA
6430005,IL,141304,2024,1,0,1,1,0,Current TEFCA
6430028,IL,140172,2024,0,0,1,0,0,Neither current nor planned
6430100,IL,140029,2024,1,1,1,0,1,Planned TEFCA
6430240,IL,140054,2024,1,1,1,0,1,Planned TEFCA
6430337,IL,141347,2023,1,0,0,0,0,Neither current nor planned
6430400,IL,140115,2023,1,1,1,0,0,Neither current nor planned
6430484,IL,140239,2024,1,1,0,1,0,Current TEFCA
6430700,IL,140133,2024,0,1,0,0,0,Neither current nor planned
6430835,IL,140082,2023,1,0,1,0,0,Neither current nor planned
6430841,IL,140276,2024,1,1,1,0,1,Planned TEFCA
6430930,IL,140018,2024,0,1,0,0,0,Neither current nor planned
6431370,IL,140135,2023,0,1,0,0,0,Neither current nor planned
6431511,IL,140275,2024,1,0,1,1,0,Current TEFCA
6431760,IL,141319,2024,1,0,0,0,1,Planned TEFCA
6431830,IL,140210,2024,0,1,0,0,0,Neither current nor planned
6431855,IL,141335,2024,1,1,0,1,0,Current TEFCA
6432137,IL,140089,2023,1,0,0,0,0,Neither current nor planned
6432192,IL,141326,2024,0,1,1,0,0,Neither current nor planned
6432300,IL,140101,2024,0,0,0,0,1,Planned TEFCA
6432420,IL,140063,2024,1,1,1,0,1,Planned TEFCA
6432435,IL,140008,2024,1,1,1,0,1,Planned TEFCA
6432490,IL,141341,2023,1,0,0,1,0,Current TEFCA
6432500,IL,141320,2023,0,0,0,0,0,Neither current nor planned
6440043,MI,230297,2023,1,0,1,0,0,Neither current nor planned
6440049,MI,230302,2023,1,1,1,1,0,Current TEFCA
6440087,MI,230156,2024,1,1,1,1,0,Current TEFCA
6440155,MI,230075,2023,1,1,1,1,0,Current TEFCA
6440292,MI,230208,2023,0,1,1,0,0,Neither current nor planned
6440295,MI,231316,2023,0,1,1,1,0,Current TEFCA
6440310,MI,231322,2023,0,0,0,0,0,Neither current nor planned
6440320,MI,231327,2023,0,1,1,0,0,Neither current nor planned
6440331,MI,230259,2024,1,1,1,1,0,Current TEFCA
6440360,MI,230022,2023,1,1,0,0,1,Planned TEFCA
6440503,MI,230005,2023,1,1,0,0,1,Planned TEFCA
6440650,MI,230053,2023,1,1,1,1,0,Current TEFCA
6441120,MI,230174,2023,0,0,1,0,1,Planned TEFCA
6441210,MI,230059,2024,1,1,1,1,0,Current TEFCA
6441231,MI,230236,2024,1,1,1,0,1,Planned TEFCA
6441380,MI,230069,2024,1,1,1,1,0,Current TEFCA
6441410,MI,231331,2023,0,1,1,0,0,Neither current nor planned
6441550,MI,230017,2023,1,1,1,1,0,Current TEFCA
6441595,MI,230230,2023,0,1,1,0,0,Neither current nor planned
6441640,MI,230193,2023,1,0,1,0,0,Neither current nor planned
6441660,MI,231319,2024,0,0,0,0,0,Neither current nor planned
6441669,MI,230002,2024,1,1,1,1,0,Current TEFCA
6441705,MI,230303,2023,1,0,1,0,0,Neither current nor planned
6441750,MI,230217,2024,1,0,1,0,0,Neither current nor planned
6441795,MI,230099,2023,1,1,0,0,1,Planned TEFCA
6441925,MI,231304,2024,0,1,1,0,0,Neither current nor planned
6442030,MI,231332,2023,1,1,1,1,0,Current TEFCA
6442035,MI,230105,2024,1,0,1,0,1,Planned TEFCA
6442140,MI,230029,2024,1,1,1,1,0,Current TEFCA
6442310,MI,231326,2023,0,1,1,0,0,Neither current nor planned
6442350,MI,231320,2024,1,1,1,1,0,Current TEFCA
6442353,MI,231312,2023,0,1,1,0,0,Neither current nor planned
6442360,MI,230085,2023,1,1,1,1,0,Current TEFCA
6442390,MI,230096,2024,0,0,1,0,0,Neither current nor planned
6450015,WI,520066,2024,1,1,0,1,0,Current TEFCA
6450035,WI,521308,2023,1,1,1,0,1,Planned TEFCA
6450038,WI,521357,2024,1,1,0,1,0,Current TEFCA
6450078,WI,521359,2023,1,0,1,0,0,Neither current nor planned
6450195,WI,521344,2024,0,1,1,0,0,Neither current nor planned
6450240,WI,520017,2023,1,1,0,0,0,Neither current nor planned
6450330,WI,520013,2023,1,1,0,0,0,Neither current nor planned
6450390,WI,520071,2023,1,0,0,0,0,Neither current nor planned
6450410,WI,521331,2023,0,0,0,0,0,Neither current nor planned
6450865,WI,520064,2023,1,1,1,1,0,Current TEFCA
6451515,WI,521330,2023,0,1,1,0,0,Neither current nor planned
6451850,WI,521358,2024,1,0,1,0,1,Planned TEFCA
6451895,WI,521320,2024,1,1,1,0,0,Neither current nor planned
6510007,KY,180013,2024,1,0,0,0,0,Neither current nor planned
6510130,KY,180079,2023,0,0,1,0,0,Neither current nor planned
6510140,KY,180048,2024,1,0,1,0,1,Planned TEFCA
6510280,KY,181302,2024,1,0,1,0,1,Planned TEFCA
6510355,KY,181301,2023,0,1,1,1,0,Current TEFCA
6510750,KY,180027,2023,0,1,1,0,1,Planned TEFCA
6510810,KY,180102,2024,0,1,1,0,1,Planned TEFCA
6510860,KY,180044,2023,0,1,1,0,1,Planned TEFCA
6511000,KY,181330,2023,0,0,1,0,0,Neither current nor planned
6520280,TN,440102,2023,1,1,1,0,0,Neither current nor planned
6520506,TN,443303,2023,0,1,1,1,0,Current TEFCA
6520695,TN,440152,2023,1,0,0,0,0,Neither current nor planned
6521210,TN,440065,2024,1,0,1,0,0,Neither current nor planned
6521222,TN,440057,2024,1,1,1,0,1,Planned TEFCA
6530380,AL,010034,2024,0,0,0,0,0,Neither current nor planned
6530415,AL,010148,2024,0,0,0,0,0,Neither current nor planned
6530425,AL,010045,2023,0,0,1,0,1,Planned TEFCA
6530475,AL,010062,2023,1,0,1,0,0,Neither current nor planned
6530600,AL,010087,2023,1,0,1,0,1,Planned TEFCA
6530705,AL,010023,2024,1,1,1,1,0,Current TEFCA
6530760,AL,010029,2024,0,0,0,0,0,Neither current nor planned
6530765,AL,010007,2023,0,0,0,1,0,Current TEFCA
6530800,AL,010149,2024,1,1,1,1,0,Current TEFCA
653095A,AL,010126,2023,0,0,0,0,0,Neither current nor planned
6530960,AL,010092,2023,0,0,1,0,1,Planned TEFCA
6531017,AL,010097,2023,0,0,0,0,0,Neither current nor planned
6531040,AL,010138,2023,0,0,0,0,0,Neither current nor planned
6540030,MS,251329,2023,0,1,1,0,0,Neither current nor planned
6540156,MS,250042,2023,0,0,0,0,0,Neither current nor planned
6540280,MS,250099,2023,0,0,1,0,0,Neither current nor planned
6540459,MS,250172,2023,0,0,0,0,0,Neither current nor planned
6540755,MS,251337,2024,1,0,1,0,1,Planned TEFCA
6540785,MS,250050,2024,0,0,1,0,1,Planned TEFCA
6610150,MN,241316,2024,0,0,0,0,0,Neither current nor planned
6610570,MN,241343,2024,1,0,1,0,0,Neither current nor planned
6610757,MN,241300,2024,1,1,1,0,1,Planned TEFCA
6610795,MN,241359,2024,1,0,1,0,0,Neither current nor planned
6611260,MN,240014,2023,1,0,0,0,1,Planned TEFCA
6611360,MN,241374,2024,1,0,1,0,0,Neither current nor planned
6611455,MN,240001,2023,1,1,0,0,1,Planned TEFCA
6611730,MN,241334,2023,0,1,0,0,0,Neither current nor planned
6611920,MN,241348,2024,1,0,1,0,0,Neither current nor planned
6611950,MN,241335,2023,1,1,1,0,0,Neither current nor planned
6612000,MN,241337,2024,0,1,1,0,0,Neither current nor planned
6620002,IA,160064,2024,0,0,1,0,0,Neither current nor planned
6620003,IA,160083,2024,1,0,1,0,1,Planned TEFCA
6620004,IA,160033,2024,1,0,1,1,0,Current TEFCA
6620055,IA,160030,2023,1,1,1,0,1,Planned TEFCA
6620100,IA,161372,2024,1,0,1,1,0,Current TEFCA
6620160,IA,160040,2024,0,0,1,0,0,Neither current nor planned
6620170,IA,160079,2023,0,0,1,0,0,Neither current nor planned
6620190,IA,161377,2024,1,0,1,1,0,Current TEFCA
6620230,IA,161362,2024,0,0,1,0,0,Neither current nor planned
6620265,IA,160080,2024,0,0,1,0,0,Neither current nor planned
6620330,IA,161328,2024,0,0,1,0,0,Neither current nor planned
6620385,IA,161369,2023,1,0,1,0,0,Neither current nor planned
6620475,IA,161313,2024,1,0,1,1,0,Current TEFCA
6620495,IA,160069,2024,0,0,1,0,0,Neither current nor planned
6620527,IA,161378,2024,0,0,1,0,0,Neither current nor planned
6620535,IA,161319,2024,0,0,1,0,0,Neither current nor planned
6620550,IA,161357,2024,0,0,1,0,0,Neither current nor planned
6620560,IA,161351,2024,1,0,1,0,0,Neither current nor planned
6620565,IA,161364,2024,0,1,0,0,0,Neither current nor planned
6620644,IA,161310,2023,1,1,1,0,1,Planned TEFCA
6620665,IA,161303,2023,1,1,1,0,1,Planned TEFCA
6620710,IA,161311,2024,0,0,1,0,0,Neither current nor planned
6620723,IA,161334,2024,0,0,1,0,0,Neither current nor planned
6620790,IA,161380,2024,0,0,1,0,0,Neither current nor planned
6620830,IA,161355,2023,0,0,1,0,0,Neither current nor planned
6620870,IA,161368,2024,1,0,1,0,0,Neither current nor planned
6620895,IA,161329,2024,1,0,1,1,0,Current TEFCA
6620970,IA,161356,2023,1,0,1,0,0,Neither current nor planned
6621020,IA,160032,2024,0,0,1,0,0,Neither current nor planned
6621040,IA,161338,2024,0,0,1,0,0,Neither current nor planned
6621068,IA,161323,2024,0,0,1,0,0,Neither current nor planned
6621075,IA,161348,2023,0,1,1,0,0,Neither current nor planned
6621175,IA,161300,2024,0,0,1,0,0,Neither current nor planned
6621180,IA,161363,2024,1,1,1,1,0,Current TEFCA
6621202,IA,161336,2024,1,0,1,0,0,Neither current nor planned
6621220,IA,161366,2023,0,0,0,0,0,Neither current nor planned
6621230,IA,161345,2024,1,0,1,0,0,Neither current nor planned
6621245,IA,161346,2024,1,0,1,0,0,Neither current nor planned
6621275,IA,160153,2024,0,0,1,0,0,Neither current nor planned
6621311,IA,160124,2024,1,0,1,0,0,Neither current nor planned
6621375,IA,160067,2024,0,0,1,0,0,Neither current nor planned
6621400,IA,161316,2023,1,1,1,0,0,Neither current nor planned
6629060,IA,161315,2023,1,0,1,0,0,Neither current nor planned
6629082,IA,161321,2024,1,0,1,0,0,Neither current nor planned
6630030,MO,261315,2024,1,1,1,0,1,Planned TEFCA
6630087,MO,261332,2024,1,0,1,0,1,Planned TEFCA
6630150,MO,260141,2024,1,0,1,1,0,Current TEFCA
6630160,MO,261322,2023,1,0,1,0,0,Neither current nor planned
6631445,MO,260022,2024,0,0,0,0,0,Neither current nor planned
6640001,ND,350019,2023,1,1,1,0,1,Planned TEFCA
6640062,ND,351319,2023,0,1,1,0,0,Neither current nor planned
6640130,ND,351314,2024,0,0,0,0,0,Neither current nor planned
6640310,ND,351323,2023,0,0,0,0,0,Neither current nor planned
6640455,ND,351302,2024,0,0,0,0,0,Neither current nor planned
6650003,SD,431340,2024,1,0,1,0,0,Neither current nor planned
6650004,SD,430014,2024,1,0,1,0,0,Neither current nor planned
6650065,SD,431331,2024,1,0,1,0,0,Neither current nor planned
6650072,SD,431332,2024,1,0,1,0,0,Neither current nor planned
6650080,SD,431308,2024,1,0,1,0,0,Neither current nor planned
6650110,SD,431310,2024,1,0,1,0,0,Neither current nor planned
6650145,SD,431302,2024,1,0,1,0,0,Neither current nor planned
6650149,SD,431338,2024,1,0,1,0,0,Neither current nor planned
6650258,SD,431314,2023,0,0,1,0,0,Neither current nor planned
6650260,SD,431326,2024,1,0,1,0,0,Neither current nor planned
6650270,SD,431337,2024,1,0,1,0,0,Neither current nor planned
6650320,SD,431330,2024,1,0,1,0,0,Neither current nor planned
6650325,SD,431319,2023,1,1,1,0,1,Planned TEFCA
6650330,SD,430015,2024,1,0,1,0,0,Neither current nor planned
6650345,SD,431306,2024,1,0,1,0,0,Neither current nor planned
6650411,SD,431317,2024,1,0,1,0,0,Neither current nor planned
6650420,SD,430016,2024,1,0,1,0,0,Neither current nor planned
6650445,SD,431327,2024,1,0,1,0,0,Neither current nor planned
6650470,SD,431315,2024,1,0,1,0,0,Neither current nor planned
6650515,SD,431324,2024,1,0,1,0,0,Neither current nor planned
6650530,SD,430012,2024,1,0,1,0,0,Neither current nor planned
6659005,SD,431312,2024,1,0,1,0,0,Neither current nor planned
6660028,NE,281343,2024,1,0,1,1,0,Current TEFCA
6660115,NE,281318,2023,1,0,1,0,0,Neither current nor planned
6660166,NE,281331,2024,1,0,1,0,0,Neither current nor planned
6660167,NE,281354,2024,0,1,1,0,0,Neither current nor planned
6660200,NE,281352,2023,0,0,1,0,0,Neither current nor planned
6660270,NE,281358,2024,0,0,1,1,0,Current TEFCA
6660305,NE,281304,2024,0,0,0,0,0,Neither current nor planned
6660414,NE,280134,2023,0,0,1,0,0,Neither current nor planned
6660610,NE,281355,2024,1,0,1,0,1,Planned TEFCA
6660747,NE,281329,2024,1,0,1,0,0,Neither current nor planned
6660815,NE,281349,2024,1,0,1,1,0,Current TEFCA
6660939,NE,281350,2023,1,0,1,0,1,Planned TEFCA
6660960,NE,281344,2023,0,0,1,0,0,Neither current nor planned
6669130,NE,281338,2023,0,0,1,0,0,Neither current nor planned
6670004,KS,170013,2023,1,0,1,0,1,Planned TEFCA
6670013,KS,171346,2023,1,0,1,0,0,Neither current nor planned
6670026,KS,173300,2024,1,0,1,0,1,Planned TEFCA
6670030,KS,170150,2023,0,0,0,0,0,Neither current nor planned
6670042,KS,170194,2023,0,0,1,0,0,Neither current nor planned
6670088,KS,171385,2024,0,0,1,1,0,Current TEFCA
6670130,KS,171362,2024,1,1,1,1,0,Current TEFCA
6670290,KS,171376,2023,0,0,1,0,0,Neither current nor planned
6670335,KS,171365,2023,0,0,1,0,0,Neither current nor planned
6670370,KS,171357,2024,1,0,1,0,1,Planned TEFCA
6670385,KS,171333,2024,1,0,1,0,1,Planned TEFCA
6670402,KS,171347,2024,0,0,0,0,0,Neither current nor planned
6670455,KS,171369,2023,0,0,1,0,0,Neither current nor planned
6670517,KS,171331,2024,0,0,0,0,0,Neither current nor planned
6670535,KS,171345,2023,1,0,1,0,1,Planned TEFCA
6670693,KS,170075,2024,1,0,1,1,0,Current TEFCA
6670700,KS,171344,2024,0,0,1,0,0,Neither current nor planned
6670760,KS,171354,2023,1,0,1,1,0,Current TEFCA
6670845,KS,171300,2024,0,0,0,0,0,Neither current nor planned
6670860,KS,171338,2023,1,0,1,0,0,Neither current nor planned
6670865,KS,171310,2023,1,0,0,0,0,Neither current nor planned
6670913,KS,171377,2023,1,0,1,0,0,Neither current nor planned
6671010,KS,170016,2024,0,1,1,0,0,Neither current nor planned
6671043,KS,171359,2024,1,0,1,0,0,Neither current nor planned
6671210,KS,171383,2024,0,0,1,0,0,Neither current nor planned
6710055,AR,040069,2024,0,1,1,1,0,Current TEFCA
6710083,AR,040050,2024,1,0,1,0,0,Neither current nor planned
6710145,AR,040088,2024,0,0,1,0,0,Neither current nor planned
6710175,AR,041304,2023,0,0,0,0,0,Neither current nor planned
6710198,AR,040019,2024,0,0,0,0,0,Neither current nor planned
6710448,AR,041308,2024,1,0,1,0,0,Neither current nor planned
6710510,AR,040039,2023,0,0,1,0,0,Neither current nor planned
6710515,AR,041330,2023,1,0,1,0,0,Neither current nor planned
6710520,AR,040071,2023,0,0,1,0,0,Neither current nor planned
6710525,AR,040047,2023,0,0,1,0,0,Neither current nor planned
6710617,AR,041309,2023,0,0,1,0,0,Neither current nor planned
6720011,LA,190034,2023,0,0,0,0,0,Neither current nor planned
6720032,LA,190176,2023,0,0,1,1,0,Current TEFCA
6720158,LA,190190,2023,0,0,0,0,0,Neither current nor planned
6720192,LA,190267,2023,1,0,1,0,1,Planned TEFCA
6720217,LA,190050,2023,0,0,1,0,0,Neither current nor planned
6720244,LA,191325,2023,0,0,1,0,0,Neither current nor planned
6720270,LA,190114,2024,1,0,1,0,0,Neither current nor planned
6720380,LA,190164,2023,0,0,0,0,0,Neither current nor planned
6720400,LA,190218,2023,0,1,1,0,0,Neither current nor planned
6720418,LA,190146,2023,1,1,1,0,1,Planned TEFCA
6720495,LA,191303,2024,1,1,1,0,1,Planned TEFCA
6720503,LA,190054,2023,1,0,1,0,0,Neither current nor planned
6720520,LA,193300,2023,1,1,1,0,1,Planned TEFCA
6720696,LA,190313,2023,1,1,1,0,1,Planned TEFCA
6720761,LA,191306,2023,0,1,1,0,1,Planned TEFCA
6720767,LA,190151,2023,0,0,1,0,0,Neither current nor planned
6720888,LA,190090,2023,0,0,0,1,0,Current TEFCA
6730069,OK,370227,2023,1,0,1,0,1,Planned TEFCA
6730072,OK,370228,2024,0,1,1,0,0,Neither current nor planned
6730074,OK,370008,2024,0,0,1,0,1,Planned TEFCA
6730100,OK,370030,2024,0,0,1,0,1,Planned TEFCA
6730102,OK,371307,2023,0,0,0,0,0,Neither current nor planned
6730104,OK,370041,2023,1,0,0,0,0,Neither current nor planned
6730123,OK,371303,2024,1,0,1,0,1,Planned TEFCA
6730170,OK,370039,2024,0,1,1,0,0,Neither current nor planned
6730220,OK,371319,2023,0,0,0,0,0,Neither current nor planned
6730360,OK,370016,2023,1,1,1,0,1,Planned TEFCA
6730380,OK,370026,2023,1,0,1,0,0,Neither current nor planned
6730505,OK,371321,2023,0,1,0,0,1,Planned TEFCA
6730570,OK,370097,2024,1,0,0,0,1,Planned TEFCA
6730580,OK,371330,2024,1,0,1,0,0,Neither current nor planned
6730590,OK,370034,2023,0,0,1,0,0,Neither current nor planned
6730710,OK,371327,2023,0,1,0,0,0,Neither current nor planned
6730947,OK,370139,2024,0,0,1,0,1,Planned TEFCA
6730960,OK,370006,2023,0,1,0,0,0,Neither current nor planned
6730975,OK,370015,2024,0,1,1,0,0,Neither current nor planned
6730980,OK,370158,2024,0,1,0,0,0,Neither current nor planned
6731030,OK,371336,2023,0,0,0,0,0,Neither current nor planned
6731180,OK,370001,2024,0,1,1,0,0,Neither current nor planned
6731215,OK,370091,2023,0,0,0,0,0,Neither current nor planned
6731255,OK,370166,2024,0,0,0,0,0,Neither current nor planned
6731275,OK,371311,2024,1,1,1,1,0,Current TEFCA
6739105,OK,370112,2024,1,0,1,1,0,Current TEFCA
6739125,OK,370078,2023,0,1,1,0,0,Neither current nor planned
6740020,TX,450229,2024,0,0,1,0,0,Neither current nor planned
6740038,TX,453306,2023,1,1,1,0,1,Planned TEFCA
6740091,TX,450346,2024,1,0,1,0,0,Neither current nor planned
6740196,TX,450831,2024,0,0,0,0,1,Planned TEFCA
6740215,TX,451328,2024,1,0,1,1,0,Current TEFCA
6740226,TX,451310,2024,1,1,1,0,1,Planned TEFCA
6740232,TX,450869,2023,0,0,0,0,0,Neither current nor planned
6740235,TX,450465,2024,0,0,0,0,0,Neither current nor planned
6740291,TX,450874,2023,1,0,0,0,0,Neither current nor planned
6740313,TX,450883,2023,0,1,0,0,0,Neither current nor planned
6740316,TX,450518,2023,1,0,0,0,1,Planned TEFCA
6740420,TX,451348,2024,0,0,0,0,0,Neither current nor planned
6740460,TX,450028,2023,1,0,0,0,0,Neither current nor planned
6740559,TX,670310,2023,0,0,0,1,0,Current TEFCA
6740573,TX,451390,2023,1,0,0,0,0,Neither current nor planned
6740646,TX,450119,2023,1,0,1,0,0,Neither current nor planned
6740660,TX,451347,2023,0,0,0,0,0,Neither current nor planned
6740737,TX,453301,2023,1,1,0,0,1,Planned TEFCA
6740845,TX,451345,2024,0,0,0,0,0,Neither current nor planned
6740890,TX,451331,2024,0,0,0,0,0,Neither current nor planned
6740937,TX,670078,2024,0,0,0,0,0,Neither current nor planned
6740964,TX,450678,2023,1,0,1,0,1,Planned TEFCA
6740984,TX,670090,2023,0,0,1,0,0,Neither current nor planned
6740997,TX,670259,2024,0,0,1,1,0,Current TEFCA
6741019,TX,670267,2024,0,0,0,0,0,Neither current nor planned
6741071,TX,670097,2023,0,0,0,0,0,Neither current nor planned
6741136,TX,670135,2023,0,0,0,0,0,Neither current nor planned
6741210,TX,451304,2023,0,0,0,0,0,Neither current nor planned
6741248,TX,670280,2024,0,0,0,0,0,Neither current nor planned
6741511,TX,450604,2024,1,0,1,0,0,Neither current nor planned
6741545,TX,451300,2023,0,0,0,0,0,Neither current nor planned
6741620,TX,451379,2024,1,0,0,0,0,Neither current nor planned
6741690,TX,450235,2024,1,0,1,1,0,Current TEFCA
6741840,TX,451395,2024,1,0,1,0,0,Neither current nor planned
6742058,TX,450241,2024,0,0,1,0,1,Planned TEFCA
6742070,TX,450194,2024,0,0,0,0,0,Neither current nor planned
6742098,TX,451306,2023,0,0,0,0,0,Neither current nor planned
6742250,TX,450755,2023,1,1,1,0,1,Planned TEFCA
6742291,TX,450698,2023,1,0,0,0,0,Neither current nor planned
6742318,TX,451396,2024,0,0,0,0,0,Neither current nor planned
6742360,TX,450040,2023,1,1,1,0,1,Planned TEFCA
6742577,TX,451372,2023,0,0,0,0,0,Neither current nor planned
6742583,TX,450656,2024,1,0,1,0,0,Neither current nor planned
6742840,TX,450539,2023,1,1,1,0,1,Planned TEFCA
6742853,TX,451356,2024,1,0,0,0,0,Neither current nor planned
6742960,TX,451313,2023,0,1,0,0,0,Neither current nor planned
6743145,TX,451360,2024,1,0,1,0,1,Planned TEFCA
6743220,TX,451340,2023,0,0,0,0,0,Neither current nor planned
6743545,TX,451339,2023,0,0,1,0,0,Neither current nor planned
6743556,TX,450690,2024,0,0,0,0,0,Neither current nor planned
6743581,TX,451338,2023,0,0,0,0,0,Neither current nor planned
6743630,TX,450147,2023,0,0,0,0,0,Neither current nor planned
6743720,TX,451355,2023,0,0,0,0,0,Neither current nor planned
6749260,TX,451361,2023,0,0,0,0,0,Neither current nor planned
6749520,TX,451333,2024,1,1,1,1,0,Current TEFCA
6810030,MT,270049,2023,1,1,1,0,1,Planned TEFCA
6810040,MT,270057,2023,1,1,0,0,1,Planned TEFCA
6810055,MT,270017,2023,1,1,1,0,1,Planned TEFCA
6810095,MT,271307,2023,0,0,0,0,0,Neither current nor planned
6810123,MT,271308,2024,0,1,1,0,1,Planned TEFCA
6810380,MT,271345,2024,1,0,1,0,0,Neither current nor planned
6810395,MT,271317,2023,1,0,1,0,0,Neither current nor planned
6810410,MT,271347,2023,1,1,1,0,1,Planned TEFCA
6810430,MT,270014,2023,1,1,1,0,1,Planned TEFCA
6810460,MT,271343,2023,1,1,1,0,1,Planned TEFCA
6819080,MT,271331,2023,1,0,1,0,0,Neither current nor planned
6820040,ID,130007,2024,0,1,1,1,0,Current TEFCA
6820075,ID,131326,2023,1,1,1,0,1,Planned TEFCA
6820095,ID,131308,2024,0,0,0,0,0,Neither current nor planned
6820220,ID,131327,2024,0,1,1,1,0,Current TEFCA
6820240,ID,130013,2024,0,1,1,1,0,Current TEFCA
6820265,ID,131320,2023,0,0,0,0,0,Neither current nor planned
6820310,ID,131322,2023,0,0,0,0,0,Neither current nor planned
6820347,ID,131317,2023,1,1,0,0,0,Neither current nor planned
6820355,ID,131305,2023,0,0,1,0,0,Neither current nor planned
6820360,ID,131328,2023,0,0,1,0,0,Neither current nor planned
6820370,ID,131309,2023,1,0,1,1,0,Current TEFCA
6830040,WY,530012,2024,1,0,1,0,1,Planned TEFCA
6830080,WY,531302,2024,0,0,1,0,0,Neither current nor planned
6830085,WY,530032,2024,0,0,1,0,0,Neither current nor planned
6830150,WY,530015,2024,1,0,0,0,0,Neither current nor planned
6830205,WY,531309,2023,1,0,1,0,1,Planned TEFCA
6830262,WY,531304,2023,0,0,0,0,0,Neither current nor planned
6830265,WY,531307,2024,1,0,1,0,1,Planned TEFCA
6830268,WY,531305,2024,1,0,1,0,1,Planned TEFCA
6830280,WY,531306,2024,1,0,1,0,1,Planned TEFCA
6840012,CO,060009,2023,1,1,1,0,1,Planned TEFCA
6840021,CO,060116,2023,1,1,1,0,1,Planned TEFCA
6840067,CO,060004,2023,1,1,1,0,1,Planned TEFCA
6840070,CO,061303,2024,1,0,1,0,1,Planned TEFCA
6840130,CO,061343,2023,0,0,1,0,0,Neither current nor planned
6840240,CO,060071,2024,0,0,1,0,1,Planned TEFCA
6840290,CO,060011,2023,1,1,1,0,1,Planned TEFCA
6840400,CO,060028,2023,1,1,1,0,1,Planned TEFCA
6840445,CO,060126,2024,1,0,1,0,1,Planned TEFCA
6840625,CO,060023,2023,1,1,1,0,1,Planned TEFCA
6840650,CO,060001,2024,1,0,1,0,1,Planned TEFCA
6840715,CO,061310,2023,0,0,0,0,0,Neither current nor planned
6840730,CO,061336,2023,0,0,1,0,0,Neither current nor planned
6840782,CO,060030,2024,1,0,1,0,1,Planned TEFCA
6840885,CO,061317,2024,0,0,1,0,1,Planned TEFCA
6840920,CO,060076,2024,1,0,1,0,1,Planned TEFCA
6840940,CO,061321,2023,0,0,0,0,0,Neither current nor planned
6849090,CO,061300,2024,0,0,0,0,0,Neither current nor planned
6850260,NM,320065,2023,1,1,1,0,1,Planned TEFCA
6850343,NM,321307,2024,1,0,1,0,0,Neither current nor planned
6850396,NM,320089,2023,1,1,1,1,0,Current TEFCA
6860013,AZ,030089,2024,1,0,1,0,1,Planned TEFCA
6860016,AZ,030065,2024,1,0,1,0,1,Planned TEFCA
6860019,AZ,030103,2023,0,1,1,0,1,Planned TEFCA
6860020,AZ,030006,2023,1,1,1,0,1,Planned TEFCA
6860025,AZ,030016,2024,1,0,1,0,1,Planned TEFCA
6860036,AZ,030115,2024,1,0,1,0,1,Planned TEFCA
6860043,AZ,030122,2024,1,0,1,0,1,Planned TEFCA
6860059,AZ,030130,2024,1,0,1,0,1,Planned TEFCA
6860185,AZ,030088,2024,1,0,1,0,1,Planned TEFCA
6860205,AZ,031317,2023,0,1,1,0,0,Neither current nor planned
6860215,AZ,031304,2024,1,0,1,0,1,Planned TEFCA
6860225,AZ,031318,2024,1,0,1,0,1,Planned TEFCA
6860250,AZ,030002,2024,1,0,1,0,1,Planned TEFCA
6860263,AZ,030134,2024,1,0,1,0,1,Planned TEFCA
6860360,AZ,031319,2023,0,0,1,0,0,Neither current nor planned
6860378,AZ,030061,2024,1,0,1,0,1,Planned TEFCA
6860430,AZ,030093,2024,1,0,1,0,1,Planned TEFCA
6860450,AZ,030111,2024,1,0,1,0,1,Planned TEFCA
6860473,AZ,030147,2024,1,0,1,0,1,Planned TEFCA
6860516,AZ,030064,2024,1,0,1,0,1,Planned TEFCA
6870010,UT,460023,2023,1,1,1,0,1,Planned TEFCA
6870050,UT,460007,2023,1,1,1,0,1,Planned TEFCA
6870055,UT,461300,2023,1,1,1,0,1,Planned TEFCA
6870070,UT,461301,2023,1,1,1,0,1,Planned TEFCA
6870091,UT,461307,2023,1,1,1,0,1,Planned TEFCA
6870120,UT,460015,2023,1,1,1,0,1,Planned TEFCA
6870124,UT,460058,2023,1,1,1,0,1,Planned TEFCA
6870130,UT,461302,2023,0,0,0,0,0,Neither current nor planned
6870135,UT,461303,2023,1,1,1,0,1,Planned TEFCA
6870141,UT,460010,2023,1,1,1,0,1,Planned TEFCA
6870145,UT,461304,2023,1,1,1,0,0,Neither current nor planned
6870160,UT,460004,2023,1,1,1,0,1,Planned TEFCA
6870189,UT,460057,2023,1,1,1,0,1,Planned TEFCA
6870220,UT,460001,2023,1,1,1,0,1,Planned TEFCA
6870230,UT,460026,2023,1,1,1,0,1,Planned TEFCA
6870235,UT,460019,2023,1,0,1,0,0,Neither current nor planned
6870245,UT,460021,2023,1,1,1,0,1,Planned TEFCA
6870260,UT,460006,2023,1,1,1,0,1,Planned TEFCA
6870280,UT,463301,2023,1,1,1,0,1,Planned TEFCA
6870333,UT,460014,2023,1,1,1,0,0,Neither current nor planned
6870365,UT,460039,2023,1,1,1,0,1,Planned TEFCA
6870379,UT,460061,2023,1,1,1,0,1,Planned TEFCA
6870410,UT,460043,2023,1,1,1,0,1,Planned TEFCA
6870417,UT,460062,2023,1,1,1,0,1,Planned TEFCA
6870500,UT,460044,2023,1,1,1,0,1,Planned TEFCA
6879080,UT,461333,2023,1,1,1,0,1,Planned TEFCA
6879346,UT,461310,2024,0,0,1,0,1,Planned TEFCA
6880031,NV,290049,2023,1,1,1,0,0,Neither current nor planned
6880045,NV,291302,2024,1,0,1,0,0,Neither current nor planned
6880050,NV,291313,2024,1,0,1,0,1,Planned TEFCA
6880130,NV,290001,2023,1,1,1,0,0,Neither current nor planned
6880150,NV,291308,2023,0,0,0,0,0,Neither current nor planned
6880155,NV,291314,2023,0,0,0,0,0,Neither current nor planned
6910001,WA,500030,2023,1,1,1,1,0,Current TEFCA
6910060,WA,500051,2024,1,1,1,0,1,Planned TEFCA
6910160,WA,501309,2023,1,1,1,0,1,Planned TEFCA
6910200,WA,501326,2023,1,1,1,0,1,Planned TEFCA
6910355,WA,500041,2023,1,1,1,1,0,Current TEFCA
6910401,WA,501340,2023,1,1,1,1,0,Current TEFCA
6910420,WA,500003,2023,1,1,1,0,0,Neither current nor planned
6910470,WA,501301,2023,0,0,1,0,0,Neither current nor planned
6910480,WA,500072,2023,0,1,1,0,0,Neither current nor planned
6910490,WA,501323,2023,0,1,0,0,0,Neither current nor planned
6910492,WA,501312,2023,1,0,0,0,0,Neither current nor planned
6910495,WA,501331,2023,1,1,1,0,1,Planned TEFCA
6910530,WA,500058,2023,1,1,1,0,1,Planned TEFCA
6910810,WA,501329,2023,1,1,1,1,0,Current TEFCA
6910894,WA,500077,2023,1,1,1,0,1,Planned TEFCA
6910980,WA,500054,2023,1,1,1,0,1,Planned TEFCA
6911018,WA,500129,2023,1,1,1,0,0,Neither current nor planned
6911130,WA,500050,2023,1,1,1,1,0,Current TEFCA
6911170,WA,500002,2023,1,1,1,0,1,Planned TEFCA
6911195,WA,500016,2024,1,1,1,0,1,Planned TEFCA
6911260,WA,500036,2023,1,0,0,0,0,Neither current nor planned
6920004,OR,380021,2023,1,1,0,0,0,Neither current nor planned
6920025,OR,380005,2023,0,1,1,0,0,Neither current nor planned
6920051,OR,380102,2023,1,1,1,1,0,Current TEFCA
6920060,OR,381315,2024,0,1,1,1,0,Current TEFCA
6920065,OR,381304,2024,1,0,1,0,1,Planned TEFCA
6920105,OR,381312,2023,1,0,1,0,0,Neither current nor planned
6920125,OR,381301,2023,1,1,1,1,0,Current TEFCA
6920140,OR,381306,2023,0,1,0,0,0,Neither current nor planned
6920160,OR,380033,2023,1,1,1,1,0,Current TEFCA
6920163,OR,381316,2023,1,1,1,1,0,Current TEFCA
6920190,OR,381318,2023,1,1,1,0,1,Planned TEFCA
6920207,OR,380050,2023,1,1,1,1,0,Current TEFCA
6920231,OR,381309,2023,1,0,0,0,0,Neither current nor planned
6920242,OR,381324,2024,1,0,1,1,0,Current TEFCA
6920290,OR,380075,2023,1,1,1,0,1,Planned TEFCA
6920296,OR,380082,2023,1,1,1,0,1,Planned TEFCA
6920315,OR,380037,2023,1,1,1,0,1,Planned TEFCA
6920340,OR,380052,2024,0,1,1,1,0,Current TEFCA
6920350,OR,380038,2023,1,1,1,0,1,Planned TEFCA
6920520,OR,380061,2023,1,1,1,0,1,Planned TEFCA
6920540,OR,380004,2023,1,1,1,0,1,Planned TEFCA
6920610,OR,381313,2023,1,1,1,0,0,Neither current nor planned
6920708,OR,380051,2023,1,1,0,0,0,Neither current nor planned
6920725,OR,381303,2023,1,1,1,0,1,Planned TEFCA
6920741,OR,380020,2023,0,0,0,0,0,Neither current nor planned
6930015,CA,050076,2023,0,1,1,0,0,Neither current nor planned
6930029,CA,050690,2024,1,1,1,0,1,Planned TEFCA
6930048,CA,050091,2023,0,0,0,0,0,Neither current nor planned
6930107,CA,050283,2023,1,1,1,0,1,Planned TEFCA
6930113,CA,053306,2024,0,1,1,1,0,Current TEFCA
6930131,CA,050394,2023,1,0,0,0,0,Neither current nor planned
6930322,CA,051324,2024,1,0,1,0,0,Neither current nor planned
6930374,CA,050780,2023,0,1,1,0,1,Planned TEFCA
6930399,CA,050782,2024,1,0,0,0,0,Neither current nor planned
6930480,CA,050496,2024,1,1,0,0,1,Planned TEFCA
6930810,CA,050093,2024,0,0,1,1,0,Current TEFCA
6930827,CA,050468,2024,0,0,1,0,1,Planned TEFCA
6930970,CA,051337,2023,0,0,0,0,1,Planned TEFCA
6931180,CA,050204,2024,1,0,1,0,0,Neither current nor planned
6931300,CA,050110,2023,0,0,1,0,0,Neither current nor planned
6931387,CA,050641,2023,0,0,1,0,1,Planned TEFCA
6931670,CA,050063,2024,0,0,1,1,0,Current TEFCA
6931850,CA,051304,2023,1,0,0,0,0,Neither current nor planned
6932287,CA,053304,2024,1,1,1,0,1,Planned TEFCA
6932440,CA,050254,2024,1,1,1,0,1,Planned TEFCA
6932450,CA,050231,2023,1,0,1,1,0,Current TEFCA
6932470,CA,051300,2024,1,0,1,0,0,Neither current nor planned
6932745,CA,050334,2023,1,1,1,0,1,Planned TEFCA
6932779,CA,050757,2023,1,1,1,0,1,Planned TEFCA
6933020,CA,050152,2024,1,0,1,0,1,Planned TEFCA
6933050,CA,050457,2024,1,0,1,0,1,Planned TEFCA
6933520,CA,050090,2024,1,1,1,1,0,Current TEFCA
6933610,CA,050122,2024,0,0,1,1,0,Current TEFCA
6933645,CA,051320,2024,1,0,1,0,1,Planned TEFCA
6933659,CA,050352,2023,1,1,0,0,0,Neither current nor planned
6933820,CA,050159,2024,1,0,1,0,0,Neither current nor planned
6933853,CA,050180,2024,1,1,0,0,1,Planned TEFCA
6933940,CA,051316,2023,0,0,1,0,0,Neither current nor planned
6940010,AK,020026,2024,1,0,1,0,1,Planned TEFCA
6940058,AK,020012,2023,1,0,1,0,0,Neither current nor planned
6940100,AK,021311,2023,1,1,1,1,0,Current TEFCA
6940160,AK,021304,2023,1,0,1,0,0,Neither current nor planned
6950275,HI,121308,2024,0,0,0,0,0,Neither current nor planned
